barangay,province,latitude,longitude
Quipot,Quezon Province,13.910815,121.42255
Barangay III-A,San Pablo City,14.018856,121.344757
Barangay IV-C,San Pablo City,14.075785,121.383214
Santiago II,San Pablo City,14.054709,121.421642
Sta. Maria,San Pablo City,13.962066,121.335953
Tamisian,Quezon Province,13.952133,121.401925
San Ignacio,San Pablo City,13.910261,121.439134
Tamisian,Quezon Province,14.049451,121.449939
Barangay VII-B,San Pablo City,14.002216,121.442386
Anastacia,Quezon Province,14.056297,121.444976
Ayusan I,Quezon Province,14.053725,121.302502
Barangay VI-E,San Pablo City,14.069554,121.323593
Barangay III-D,San Pablo City,14.051593,121.32282
San Isidro,Quezon Province,13.891671,121.417936
Lumingon,Quezon Province,14.07119,121.355651
Bulakin,Quezon Province,14.066904,121.421695
San Antonio 1,San Pablo City,14.011405,121.366421
Santo Angel,San Pablo City,13.923223,121.424036
Sta. Cruz,San Pablo City,14.003026,121.470367
San Crispin,San Pablo City,13.969338,121.453298
Concepcion,San Pablo City,13.964593,121.451494
Bulakin,Quezon Province,14.04397,121.426336
Sta. Maria,San Pablo City,13.98673,121.303044
Sta. Ana,San Pablo City,13.897443,121.434943
Barangay VI-E,San Pablo City,14.001173,121.308668
San Lucas 2,San Pablo City,13.894025,121.337938
Sta. Felomina,San Pablo City,13.971735,121.37265
Barangay VI-A,San Pablo City,14.027322,121.314811
San Antonio 1,San Pablo City,13.906083,121.39018
Barangay VII-E,San Pablo City,13.93388,121.33818
Barangay V-A,San Pablo City,14.065621,121.332294
Barangay VI-B,San Pablo City,14.042783,121.384488
San Antonio 1,San Pablo City,13.883477,121.374513
Lalig,Quezon Province,14.063828,121.393679
Barangay VI-B,San Pablo City,13.985478,121.390587
Sta. Isabel,San Pablo City,14.035973,121.301481
Barangay I-B,San Pablo City,14.022965,121.306538
Barangay VI-A,San Pablo City,13.990936,121.325104
Dolores,San Pablo City,14.002146,121.461476
Sta. Isabel,San Pablo City,14.05105,121.341634
Cabatang,Quezon Province,14.039726,121.33958
Anastacia,Quezon Province,13.93991,121.413803
Behia,Quezon Province,13.91414,121.473843
Barangay II-A,San Pablo City,13.929471,121.49005
Barangay II-C,San Pablo City,13.969645,121.377321
Soledad,San Pablo City,14.027624,121.335188
Tamisian,Quezon Province,14.086282,121.335591
Barangay II-B,San Pablo City,13.995989,121.389225
Barangay II-A,San Pablo City,14.022936,121.315394
Barangay V-B,San Pablo City,13.935022,121.483443
Sta. Maria,San Pablo City,14.007798,121.43626
Barangay V-B,San Pablo City,13.919861,121.385622
Barangay V-C,San Pablo City,13.946782,121.344469
Lagalag,Quezon Province,13.900495,121.324833
San Francisco,Quezon Province,14.068143,121.466302
San Rafael,San Pablo City,13.984744,121.388142
San Francisco,Quezon Province,13.919604,121.441419
San Buenaventura,San Pablo City,13.886949,121.449055
Barangay III-F,San Pablo City,13.896974,121.414555
Lagalag,Quezon Province,13.989581,121.463759
Barangay III-F,San Pablo City,14.064367,121.331033
Barangay III-C,San Pablo City,13.956363,121.487831
Talisay,Quezon Province,14.057706,121.492779
Barangay II-E,San Pablo City,13.948949,121.354471
Tamisian,Quezon Province,14.065121,121.45621
Barangay III-B,San Pablo City,14.033095,121.485735
Lumingon,Quezon Province,13.962598,121.366504
San Lucas 1,San Pablo City,13.989492,121.459629
Talisay,Quezon Province,13.963038,121.40058
San Roque,San Pablo City,13.97528,121.369746
San Isidro,Quezon Province,14.059786,121.457502
Ayusan I,Quezon Province,13.950182,121.336137
Quipot,Quezon Province,13.895402,121.315114
Tagbakin,Quezon Province,13.9149,121.396937
Bagong Bayan II-A,San Pablo City,14.083887,121.374243
Santo Angel,San Pablo City,14.07149,121.300368
Barangay IV-B,San Pablo City,14.086998,121.458302
Sta. Cruz,San Pablo City,14.022265,121.485784
Santo Cristo,San Pablo City,13.962724,121.408155
Ayusan I,Quezon Province,14.022341,121.306131
San Juan,Quezon Province,13.934252,121.452156
San Mateo,San Pablo City,13.982476,121.434126
Barangay VII-A,San Pablo City,14.062867,121.464912
Barangay II-C,San Pablo City,13.923779,121.448175
Ayusan II,Quezon Province,13.972048,121.409244
Santisimo Rosario,San Pablo City,14.096668,121.408547
Barangay VII-C,San Pablo City,13.887096,121.488858
Lumingon,Quezon Province,14.010589,121.306148
Barangay II-D,San Pablo City,13.899828,121.499288
Lusacan,Quezon Province,13.974395,121.367442
Paiisa,Quezon Province,14.02576,121.463738
San Lucas 2,San Pablo City,14.09957,121.389085
Sta. Veronica I,San Pablo City,13.916266,121.383469
Sta. Maria,San Pablo City,13.95022,121.303074
San Lorenzo,San Pablo City,13.930055,121.403927
Barangay V-D,San Pablo City,13.89743,121.310226
Bagong Bayan II-A,San Pablo City,13.98035,121.475711
San Francisco,San Pablo City,13.912348,121.369094
Barangay III-C,San Pablo City,13.932041,121.364791
Barangay VI-D,San Pablo City,13.893219,121.351901
San Nicolas,San Pablo City,13.882308,121.392983
Santo Niño,San Pablo City,13.978764,121.393848
Barangay III-C,San Pablo City,14.014939,121.445519
Santisimo Rosario,San Pablo City,13.893965,121.419313
Ayusan I,Quezon Province,13.884356,121.344448
Barangay II-D,San Pablo City,14.01622,121.455888
San Rafael,San Pablo City,14.089649,121.447747
San Diego,San Pablo City,14.030179,121.407906
San Isidro,San Pablo City,14.0361,121.450769
San Vicente,San Pablo City,14.027265,121.485915
Behia,Quezon Province,14.025969,121.470262
San Nicolas,San Pablo City,14.093298,121.321092
Barangay VII-D,San Pablo City,14.092929,121.499512
Bula,Quezon Province,13.930973,121.366492
Barangay IV-C,San Pablo City,14.057062,121.446455
Bula,Quezon Province,14.057915,121.372674
Barangay III-F,San Pablo City,14.034248,121.326067
Behia,Quezon Province,14.087735,121.303044
San Nicolas,San Pablo City,14.099205,121.399485
Aquino,Quezon Province,14.041698,121.405817
San Rafael,San Pablo City,13.8895,121.390809
San Francisco,Quezon Province,13.946615,121.429416
Talisay,Quezon Province,13.959914,121.32467
Sta. Cruz,San Pablo City,14.041774,121.411187
Poblacion III,Quezon Province,14.011135,121.418717
Barangay III-D,San Pablo City,13.915239,121.301655
San Antonio 2,San Pablo City,13.986492,121.379529
Lusacan,Quezon Province,14.001097,121.348308
Lagalag,Quezon Province,13.986995,121.308472
Barangay II-D,San Pablo City,14.061376,121.481257
Barangay VI-E,San Pablo City,13.919166,121.383307
Aquino,Quezon Province,14.049464,121.44383
San Pedro,Quezon Province,13.89578,121.356167
San Francisco,Quezon Province,13.936843,121.308382
Barangay VII-A,San Pablo City,13.907983,121.418064
Barangay III-A,San Pablo City,13.92065,121.436191
San Isidro,Quezon Province,14.074037,121.463938
Bukal,Quezon Province,14.002917,121.479145
Barangay III-D,San Pablo City,13.889859,121.409835
Barangay II-A,San Pablo City,14.044792,121.391158
Barangay III-E,San Pablo City,14.091383,121.33909
Barangay VII-A,San Pablo City,14.052866,121.312051
San Agustin,Quezon Province,14.033128,121.470782
Barangay VI-A,San Pablo City,13.922612,121.487219
Poblacion III,Quezon Province,14.098894,121.49267
Sta. Felomina,San Pablo City,13.990643,121.33279
San Jose,Quezon Province,13.981687,121.462117
San Isidro,San Pablo City,13.89955,121.453859
Lusacan,Quezon Province,14.094282,121.359979
Sta. Cruz,San Pablo City,13.88905,121.350301
Barangay II-C,San Pablo City,13.987146,121.445286
Poblacion II,Quezon Province,14.088513,121.435642
Santo Niño,San Pablo City,13.967401,121.392536
Sta. Monica,San Pablo City,14.067167,121.339234
Barangay III-B,San Pablo City,13.951011,121.415426
Santo Angel,San Pablo City,14.004221,121.390325
Barangay V-C,San Pablo City,13.899145,121.386284
Barangay III-B,San Pablo City,14.010884,121.384386
San Francisco,Quezon Province,14.011202,121.444536
San Gregorio,San Pablo City,14.02329,121.40318
Bukal,Quezon Province,13.988644,121.364039
Barangay III-D,San Pablo City,13.937743,121.403518
San Rafael,San Pablo City,13.890164,121.362239
Poblacion II,Quezon Province,13.991795,121.469312
San Crispin,San Pablo City,14.070834,121.420728
Barangay II-F,San Pablo City,14.076654,121.333824
Barangay V-C,San Pablo City,13.891793,121.321518
Barangay V-A,San Pablo City,14.078625,121.42463
Sta. Monica,San Pablo City,13.893503,121.335819
San Lucas 2,San Pablo City,14.029338,121.381819
Atisan,San Pablo City,14.057539,121.384178
Sta. Ana,San Pablo City,13.885551,121.435158
Bagong Bayan II-A,San Pablo City,13.941799,121.413992
Barangay III-B,San Pablo City,13.910855,121.304538
Poblacion IV,Quezon Province,13.937331,121.30949
Lalig,Quezon Province,13.954662,121.43647
San Lorenzo,San Pablo City,14.091602,121.438513
San Crispin,San Pablo City,14.071806,121.380168
Barangay V-C,San Pablo City,13.89242,121.453261
Santisimo Rosario,San Pablo City,14.016688,121.458034
San Juan,Quezon Province,13.964639,121.316194
Talisay,Quezon Province,13.970281,121.367201
Tamisian,Quezon Province,13.885826,121.422892
Behia,Quezon Province,13.905392,121.406456
Quipot,Quezon Province,14.081146,121.365138
Lusacan,Quezon Province,13.914284,121.499331
Behia,Quezon Province,13.887066,121.433542
San Juan,San Pablo City,14.018408,121.425604
San Gregorio,San Pablo City,14.061304,121.313264
Atisan,San Pablo City,14.068218,121.384607
Sta. Felomina,San Pablo City,14.042375,121.455708
San Gabriel,San Pablo City,13.964309,121.483672
Barangay VI-A,San Pablo City,13.950411,121.360633
Sta. Maria,San Pablo City,13.903546,121.383129
Quipot,Quezon Province,13.900177,121.389076
Santisimo Rosario,San Pablo City,14.084767,121.36256
Lusacan,Quezon Province,13.998983,121.360584
Barangay I-B,San Pablo City,13.928221,121.345006
Soledad,San Pablo City,13.913956,121.308854
Bula,Quezon Province,13.98199,121.390555
Quipot,Quezon Province,14.005832,121.485493
San Jose,Quezon Province,13.91774,121.323654
San Lucas 1,San Pablo City,14.037882,121.310298
San Buenaventura,San Pablo City,13.904867,121.384372
Bagong Bayan II-A,San Pablo City,13.919276,121.389753
San Cristobal,San Pablo City,13.953842,121.471664
Barangay III-C,San Pablo City,14.036962,121.327643
San Juan,Quezon Province,14.05549,121.405223
San Gabriel,San Pablo City,13.987552,121.348939
Atisan,San Pablo City,13.909079,121.389766
Barangay VI-A,San Pablo City,14.098083,121.321377
Barangay I-B,San Pablo City,13.915896,121.419023
San Juan,Quezon Province,13.939884,121.308266
Tagbakin,Quezon Province,14.051473,121.352911
Barangay III-F,San Pablo City,13.910811,121.41918
San Antonio 1,San Pablo City,14.084055,121.337401
Barangay III-B,San Pablo City,13.940102,121.378185
San Gabriel,San Pablo City,13.950483,121.374964
Barangay II-C,San Pablo City,14.003627,121.375279
San Bartolome,San Pablo City,14.069084,121.46406
San Marcos,San Pablo City,13.982453,121.389506
Santo Cristo,San Pablo City,14.07241,121.405957
San Lucas 2,San Pablo City,13.907759,121.479838
San Juan,Quezon Province,14.006266,121.373136
Santo Niño,San Pablo City,13.942595,121.350589
San Rafael,San Pablo City,13.891915,121.326492
Tagbakin,Quezon Province,13.922436,121.415519
San Antonio 2,San Pablo City,13.923702,121.440293
Barangay III-B,San Pablo City,14.026378,121.460566
Del Remedio,San Pablo City,14.073777,121.418822
Barangay IV-C,San Pablo City,13.893399,121.427534
Behia,Quezon Province,13.956076,121.350957
Sta. Felomina,San Pablo City,13.905531,121.356567
Barangay V-B,San Pablo City,14.062998,121.360178
Anastacia,Quezon Province,13.930273,121.373375
San Isidro,Quezon Province,14.014828,121.359539
Dolores,San Pablo City,13.997538,121.375273
Concepcion,San Pablo City,13.889031,121.375809
San Gregorio,San Pablo City,14.030066,121.312818
Barangay V-B,San Pablo City,13.979312,121.368067
San Lorenzo,San Pablo City,14.068419,121.423551
San Juan,Quezon Province,13.950197,121.306627
Concepcion,San Pablo City,14.015704,121.432846
Barangay I-A,San Pablo City,13.969287,121.362826
Paiisa,Quezon Province,13.91627,121.36899
Barangay V-A,San Pablo City,13.994905,121.409903
Barangay I-B,San Pablo City,13.937771,121.441651
San Marcos,San Pablo City,13.979166,121.456448
Sta. Monica,San Pablo City,13.925571,121.446273
Tagbakin,Quezon Province,13.989389,121.387659
Barangay II-B,San Pablo City,14.005794,121.326169
Barangay V-C,San Pablo City,13.981555,121.35953
Sta. Veronica II,San Pablo City,13.969149,121.439657
San Isidro,Quezon Province,13.881505,121.373084
Poblacion III,Quezon Province,14.015721,121.477924
Bukal,Quezon Province,13.981088,121.394817
San Jose,San Pablo City,14.033701,121.417219
San Cristobal,San Pablo City,13.94809,121.490746
Bukal,Quezon Province,14.024498,121.446386
Sta. Isabel,San Pablo City,13.892861,121.478914
San Diego,San Pablo City,14.020794,121.484608
Lalig,Quezon Province,14.014069,121.437095
Barangay III-F,San Pablo City,13.969689,121.428845
Barangay VI-A,San Pablo City,13.933467,121.484909
Sta. Felomina,San Pablo City,13.993745,121.498552
Poblacion II,Quezon Province,14.00931,121.451737
Santo Niño,San Pablo City,13.964075,121.365849
Poblacion IV,Quezon Province,13.925884,121.37285
Cabatang,Quezon Province,14.025192,121.401298
Quipot,Quezon Province,13.983462,121.309893
Sta. Ana,San Pablo City,13.891735,121.380276
Barangay II-B,San Pablo City,13.969224,121.395712
Sta. Catalina,San Pablo City,14.065626,121.304419
Santo Cristo,San Pablo City,13.88899,121.47822
Barangay VI-B,San Pablo City,14.002769,121.458771
San Isidro,Quezon Province,14.072078,121.333755
Barangay VI-E,San Pablo City,13.90014,121.462273
Lagalag,Quezon Province,14.015039,121.399472
Anastacia,Quezon Province,14.060287,121.405181
San Lucas 2,San Pablo City,13.932922,121.361707
Barangay III-D,San Pablo City,13.901127,121.448798
San Gregorio,San Pablo City,14.023932,121.417151
Paiisa,Quezon Province,14.05137,121.414109
San Ignacio,San Pablo City,13.957379,121.407234
San Nicolas,San Pablo City,13.993965,121.318049
Bula,Quezon Province,13.950542,121.460876
San Jose,San Pablo City,14.097034,121.385392
Poblacion II,Quezon Province,14.077798,121.401875
Behia,Quezon Province,14.033337,121.364161
Poblacion I,Quezon Province,14.037063,121.485827
Sta. Isabel,San Pablo City,13.962278,121.380687
Bagong Bayan II-A,San Pablo City,13.951761,121.4029
Poblacion IV,Quezon Province,14.053104,121.336728
Dolores,San Pablo City,13.934215,121.414792
San Joaquin,San Pablo City,13.92447,121.472659
Poblacion IV,Quezon Province,14.049528,121.329793
San Jose,Quezon Province,13.973689,121.375549
San Lucas 2,San Pablo City,14.043168,121.483072
Talisay,Quezon Province,14.038392,121.328087
San Gregorio,San Pablo City,14.075777,121.405896
San Marcos,San Pablo City,13.952222,121.490704
Sta. Ana,San Pablo City,14.039364,121.483209
San Lorenzo,San Pablo City,14.001863,121.325986
Barangay VII-E,San Pablo City,14.08707,121.439295
San Juan,San Pablo City,13.977865,121.485061
Anastacia,Quezon Province,13.9158,121.371063
Bula,Quezon Province,13.889163,121.412968
Poblacion III,Quezon Province,14.010108,121.44817
San Antonio 1,San Pablo City,14.069647,121.472535
San Francisco,San Pablo City,13.942982,121.470315
Sta. Isabel,San Pablo City,14.084585,121.424387
San Marcos,San Pablo City,14.034842,121.463552
Dolores,San Pablo City,13.991852,121.479597
Barangay II-D,San Pablo City,14.074416,121.345183
Lalig,Quezon Province,13.944265,121.421136
Lumingon,Quezon Province,13.900667,121.441059
San Marcos,San Pablo City,14.071676,121.491907
San Buenaventura,San Pablo City,14.035652,121.385338
Sta. Catalina,San Pablo City,13.928377,121.327205
Concepcion,San Pablo City,13.986755,121.309643
Bulakin,Quezon Province,14.07003,121.399664
San Pedro,Quezon Province,13.970098,121.484005
Poblacion III,Quezon Province,13.911225,121.491292
Barangay III-D,San Pablo City,13.901672,121.33803
San Francisco,San Pablo City,13.992471,121.414665
Barangay VI-E,San Pablo City,13.999132,121.389389
San Pedro,San Pablo City,13.916986,121.446713
Barangay I-B,San Pablo City,14.057307,121.376184
San Diego,San Pablo City,14.057425,121.367237
Barangay I-B,San Pablo City,14.098035,121.456041
Tagbakin,Quezon Province,13.974467,121.471817
San Vicente,San Pablo City,13.99826,121.359973
Santisimo Rosario,San Pablo City,13.946998,121.436013
Barangay IV-C,San Pablo City,13.888015,121.485075
Barangay VI-B,San Pablo City,13.970855,121.305244
Lumingon,Quezon Province,13.992026,121.326569
Aquino,Quezon Province,14.005713,121.370044
Barangay VII-A,San Pablo City,13.909276,121.451645
Sta. Ana,San Pablo City,13.971852,121.332285
San Juan,Quezon Province,14.020602,121.300135
Barangay II-C,San Pablo City,14.092885,121.366156
Bulakin,Quezon Province,13.910361,121.488825
Barangay III-A,San Pablo City,14.017688,121.35821
San Ignacio,San Pablo City,14.080891,121.42466
Barangay V-C,San Pablo City,14.058845,121.4789
Sta. Catalina,San Pablo City,14.032671,121.3882
Santiago I,San Pablo City,13.904599,121.450304
San Bartolome,San Pablo City,14.011971,121.356706
San Francisco,San Pablo City,14.013525,121.43728
Sta. Veronica I,San Pablo City,14.091294,121.316526
Ayusan II,Quezon Province,13.952333,121.462582
San Mateo,San Pablo City,13.986291,121.373953
Santo Angel,San Pablo City,13.953055,121.409148
Barangay VI-A,San Pablo City,13.906474,121.452967
Lalig,Quezon Province,14.015359,121.373171
Lusacan,Quezon Province,14.062581,121.483348
Sta. Isabel,San Pablo City,14.045583,121.428676
San Miguel,San Pablo City,14.058989,121.329765
Barangay VI-A,San Pablo City,13.990403,121.366424
Barangay VI-E,San Pablo City,14.010274,121.467225
San Lucas 2,San Pablo City,14.082689,121.466379
San Rafael,San Pablo City,13.992523,121.436487
Sta. Maria Magdalena,San Pablo City,14.031695,121.300251
San Lucas 1,San Pablo City,14.057518,121.489606
San Crispin,San Pablo City,13.880852,121.489555
Barangay II-C,San Pablo City,13.997645,121.423784
Sta. Veronica I,San Pablo City,14.041116,121.334923
Santo Niño,San Pablo City,13.936962,121.494074
Barangay VII-C,San Pablo City,13.912106,121.361497
San Francisco,Quezon Province,13.969278,121.374132
Barangay II-B,San Pablo City,14.068862,121.479343
Barangay II-B,San Pablo City,14.066421,121.302885
San Marcos,San Pablo City,14.0488,121.323832
Barangay V-D,San Pablo City,13.967027,121.467026
Poblacion IV,Quezon Province,13.880163,121.385439
Sta. Veronica I,San Pablo City,13.911849,121.359255
San Pedro,San Pablo City,13.993429,121.4265
Sta. Veronica I,San Pablo City,13.892976,121.404253
Atisan,San Pablo City,13.927689,121.477361
San Buenaventura,San Pablo City,13.995058,121.368291
Santo Niño,San Pablo City,13.905956,121.344673
Barangay V-D,San Pablo City,13.884694,121.300881
Barangay III-E,San Pablo City,14.063484,121.394147
Dolores,San Pablo City,14.059947,121.418061
San Pedro,Quezon Province,14.002296,121.425868
San Rafael,San Pablo City,14.047214,121.402257
Barangay IV-A,San Pablo City,13.965114,121.329599
Lumingon,Quezon Province,13.912784,121.408757
San Joaquin,San Pablo City,14.054499,121.468959
Ayusan II,Quezon Province,13.938238,121.383824
Santo Niño,San Pablo City,14.010353,121.448439
San Antonio 2,San Pablo City,14.042546,121.425396
Barangay II-F,San Pablo City,14.050809,121.443269
San Marcos,San Pablo City,13.934022,121.393998
Barangay II-C,San Pablo City,13.949907,121.33827
San Isidro,San Pablo City,14.092885,121.465841
Del Rosario,Quezon Province,14.053539,121.429166
Poblacion IV,Quezon Province,14.048698,121.370003
Del Rosario,Quezon Province,13.980898,121.392236
San Jose,San Pablo City,13.985194,121.439583
San Cristobal,San Pablo City,13.891648,121.398649
San Vicente,San Pablo City,13.915443,121.374935
Anastacia,Quezon Province,13.960586,121.413243
Cabatang,Quezon Province,13.963929,121.497032
Lusacan,Quezon Province,13.914556,121.315538
Sta. Isabel,San Pablo City,14.05356,121.328992
San Jose,Quezon Province,14.060223,121.486709
Bukal,Quezon Province,14.05822,121.41211
Barangay III-D,San Pablo City,13.936687,121.480229
Barangay VII-E,San Pablo City,14.096281,121.422826
Ayusan I,Quezon Province,14.097027,121.334283
Barangay VI-D,San Pablo City,13.930722,121.390638
Barangay VII-C,San Pablo City,14.083925,121.438699
Barangay III-A,San Pablo City,14.012215,121.478978
San Crispin,San Pablo City,14.002842,121.492927
San Joaquin,San Pablo City,13.95962,121.345948
Sta. Veronica II,San Pablo City,13.970165,121.343555
Poblacion IV,Quezon Province,13.884483,121.423596
San Juan,Quezon Province,14.093785,121.314891
Sta. Veronica II,San Pablo City,14.054331,121.325445
Bagong Bayan II-A,San Pablo City,14.034875,121.498776
Cabay,Quezon Province,14.065375,121.41384
Palagaran,Quezon Province,13.984184,121.394395
San Bartolome,San Pablo City,13.89499,121.438737
Del Rosario,Quezon Province,14.003583,121.408788
San Diego,San Pablo City,13.893207,121.438726
San Buenaventura,San Pablo City,13.972011,121.49937
San Isidro,Quezon Province,14.099753,121.407437
Barangay IV-A,San Pablo City,13.908915,121.440094
Tagbakin,Quezon Province,14.000102,121.340203
Barangay I-B,San Pablo City,13.937483,121.369383
Barangay VII-A,San Pablo City,13.915049,121.345633
San Gregorio,San Pablo City,14.090557,121.357648
Barangay VI-D,San Pablo City,14.087908,121.393658
San Vicente,San Pablo City,14.0746,121.466647
Bukal,Quezon Province,13.911407,121.324305
San Mateo,San Pablo City,13.934393,121.45981
Sta. Veronica II,San Pablo City,14.07267,121.359585
Barangay VI-A,San Pablo City,13.978177,121.394895
Bagong Bayan II-A,San Pablo City,14.039119,121.309574
Barangay VI-D,San Pablo City,14.093089,121.440244
Barangay VII-D,San Pablo City,13.910558,121.468673
Sta. Maria,San Pablo City,13.886544,121.457432
Paiisa,Quezon Province,13.967883,121.348587
Aquino,Quezon Province,14.012396,121.469072
San Isidro,San Pablo City,14.072923,121.367667
Poblacion I,Quezon Province,13.880026,121.483352
Santiago II,San Pablo City,13.889028,121.399514
Quipot,Quezon Province,14.014871,121.365243
Barangay VI-B,San Pablo City,14.004722,121.354561
Santiago II,San Pablo City,13.901544,121.455684
San Bartolome,San Pablo City,13.917909,121.319259
Barangay IV-A,San Pablo City,14.037026,121.323433
Barangay V-A,San Pablo City,14.050624,121.426037
San Nicolas,San Pablo City,14.067748,121.300969
Bula,Quezon Province,14.027344,121.345759
Barangay VI-D,San Pablo City,13.938737,121.476774
San Marcos,San Pablo City,13.899973,121.313326
San Crispin,San Pablo City,13.955376,121.477632
Barangay VI-E,San Pablo City,14.032022,121.346119
Paiisa,Quezon Province,14.043096,121.427823
Sta. Monica,San Pablo City,13.906165,121.435511
Bagong Pook VI-C,San Pablo City,13.907217,121.467028
Del Rosario,Quezon Province,14.065456,121.363946
Ayusan II,Quezon Province,13.942709,121.4668
Paiisa,Quezon Province,13.955515,121.339612
Barangay II-F,San Pablo City,14.072143,121.327975
Barangay III-A,San Pablo City,14.06324,121.442077
Ayusan I,Quezon Province,14.029498,121.410843
San Jose,Quezon Province,13.882442,121.319845
Atisan,San Pablo City,14.071638,121.319314
Barangay V-D,San Pablo City,13.995026,121.345949
Del Rosario,Quezon Province,13.894017,121.45522
Bagong Bayan II-A,San Pablo City,13.963309,121.329708
San Miguel,San Pablo City,13.913428,121.401703
Lagalag,Quezon Province,14.05511,121.485785
Lumingon,Quezon Province,13.973979,121.365261
Soledad,San Pablo City,13.981956,121.480546
San Gabriel,San Pablo City,13.898267,121.358788
Barangay I-A,San Pablo City,13.957492,121.338317
San Lucas 2,San Pablo City,14.013656,121.480128
Barangay IV-C,San Pablo City,14.002713,121.378716
San Jose,San Pablo City,14.00123,121.471957
Lusacan,Quezon Province,13.935311,121.454454
Cabay,Quezon Province,14.006449,121.470461
Santo Angel,San Pablo City,13.974351,121.426502
San Lucas 2,San Pablo City,13.941261,121.356108
San Isidro,San Pablo City,13.97233,121.386453
Barangay V-A,San Pablo City,13.965677,121.366124
San Isidro,Quezon Province,14.031345,121.437272
Barangay VII-B,San Pablo City,14.098686,121.470231
Bulakin,Quezon Province,14.061757,121.34197
Del Rosario,Quezon Province,13.981908,121.442617
Poblacion I,Quezon Province,13.896817,121.357644
Santo Angel,San Pablo City,13.953151,121.315462
Barangay VII-A,San Pablo City,14.080254,121.346138
San Antonio 2,San Pablo City,13.902771,121.41995
Barangay IV-A,San Pablo City,14.011845,121.441885
San Lucas 2,San Pablo City,14.008846,121.354661
Barangay VII-E,San Pablo City,14.01098,121.456793
San Pedro,Quezon Province,14.097688,121.392892
Santo Cristo,San Pablo City,14.004846,121.486732
San Cristobal,San Pablo City,13.997741,121.485396
Barangay VII-D,San Pablo City,14.038241,121.311179
Barangay IV-A,San Pablo City,14.063687,121.312259
San Cristobal,San Pablo City,13.916421,121.38506
Barangay VII-D,San Pablo City,14.070993,121.300037
Santo Niño,San Pablo City,14.025326,121.447168
San Bartolome,San Pablo City,13.98869,121.359223
Barangay II-E,San Pablo City,14.014648,121.374525
Barangay VII-C,San Pablo City,14.010831,121.49027
Barangay IV-A,San Pablo City,14.079352,121.478838
San Agustin,Quezon Province,13.904406,121.325106
San Jose,San Pablo City,14.074267,121.388854
Barangay VII-E,San Pablo City,14.04997,121.443104
Sta. Ana,San Pablo City,14.073385,121.474578
Barangay VII-E,San Pablo City,13.894426,121.30231
Santo Angel,San Pablo City,14.042358,121.446241
Lalig,Quezon Province,14.028838,121.457109
Barangay I-A,San Pablo City,13.988545,121.453068
Tagbakin,Quezon Province,13.918965,121.385726
Sta. Veronica I,San Pablo City,13.892445,121.472037
Barangay VII-A,San Pablo City,13.941744,121.347178
Bagong Pook VI-C,San Pablo City,13.930736,121.322127
San Gregorio,San Pablo City,13.986017,121.383623
Santo Niño,San Pablo City,13.946735,121.300882
San Joaquin,San Pablo City,14.01785,121.445258
San Rafael,San Pablo City,13.890705,121.338338
San Isidro,San Pablo City,14.015677,121.482863
San Jose,San Pablo City,14.010305,121.47002
Barangay III-D,San Pablo City,14.081026,121.409363
Santiago I,San Pablo City,13.908794,121.461769
San Isidro,San Pablo City,13.906088,121.311446
Sta. Maria,San Pablo City,13.897502,121.364763
Sta. Veronica II,San Pablo City,13.98574,121.375095
Sta. Veronica II,San Pablo City,14.055141,121.478374
San Pedro,San Pablo City,13.893323,121.407097
Barangay II-C,San Pablo City,14.013443,121.485064
Santiago II,San Pablo City,14.011147,121.406034
Barangay III-F,San Pablo City,13.883142,121.377985
San Gregorio,San Pablo City,13.939739,121.417593
Poblacion I,Quezon Province,13.901901,121.310011
Barangay IV-B,San Pablo City,14.063995,121.334913
Cabay,Quezon Province,14.048523,121.419848
San Roque,San Pablo City,14.027453,121.417151
Ayusan II,Quezon Province,14.080459,121.401829
San Isidro,San Pablo City,13.917679,121.441528
Barangay IV-A,San Pablo City,13.923734,121.369838
Poblacion II,Quezon Province,14.02894,121.392368
Del Remedio,San Pablo City,13.902669,121.379575
Barangay III-B,San Pablo City,14.0254,121.309525
Anastacia,Quezon Province,14.035129,121.423194
San Agustin,Quezon Province,13.926557,121.41684
Bautista,San Pablo City,13.996316,121.378433
San Antonio 2,San Pablo City,13.941337,121.380295
San Lorenzo,San Pablo City,13.916716,121.356113
San Antonio 2,San Pablo City,13.999208,121.316745
Del Remedio,San Pablo City,13.926699,121.356531
San Agustin,Quezon Province,14.054013,121.40037
Lalig,Quezon Province,14.001392,121.358609
Sta. Catalina,San Pablo City,14.078595,121.394057
San Joaquin,San Pablo City,13.966127,121.360552
Bulakin,Quezon Province,13.904398,121.354695
Barangay VII-B,San Pablo City,13.944773,121.447356
Barangay V-A,San Pablo City,13.899843,121.427372
Barangay II-B,San Pablo City,13.994832,121.307789
Sta. Catalina,San Pablo City,14.019537,121.367974
San Francisco,Quezon Province,14.001264,121.381554
Barangay II-A,San Pablo City,13.906348,121.482612
Barangay IV-A,San Pablo City,13.952131,121.313054
Barangay III-E,San Pablo City,13.954081,121.420121
Santiago I,San Pablo City,13.916857,121.356945
San Isidro,Quezon Province,13.924093,121.44088
Barangay V-A,San Pablo City,14.036052,121.457386
Barangay VII-A,San Pablo City,14.098543,121.319135
Bulakin,Quezon Province,13.946728,121.335819
San Gabriel,San Pablo City,14.059106,121.390255
Lagalag,Quezon Province,14.022005,121.392646
San Pedro,San Pablo City,14.015777,121.375842
Barangay VII-E,San Pablo City,14.016399,121.433776
San Francisco,San Pablo City,13.961239,121.384359
Del Remedio,San Pablo City,13.950833,121.420737
San Jose,San Pablo City,14.041202,121.34844
Lagalag,Quezon Province,13.972199,121.397643
Barangay IV-B,San Pablo City,14.036966,121.421843
Poblacion II,Quezon Province,13.899792,121.47665
Sta. Veronica I,San Pablo City,14.08621,121.38922
Santiago II,San Pablo City,14.022801,121.316723
Barangay I-A,San Pablo City,13.997953,121.342771
Santiago I,San Pablo City,13.951461,121.385155
San Isidro,San Pablo City,14.07134,121.380565
Bagong Pook VI-C,San Pablo City,14.065123,121.433243
Bagong Bayan II-A,San Pablo City,14.071669,121.432342
Barangay VI-A,San Pablo City,13.922738,121.346366
Barangay III-A,San Pablo City,14.029996,121.373212
Sta. Veronica II,San Pablo City,13.939803,121.347692
Barangay VI-D,San Pablo City,13.903762,121.44899
Bulakin,Quezon Province,13.883244,121.313096
San Cristobal,San Pablo City,13.981724,121.469287
Concepcion,San Pablo City,13.932699,121.399275
Barangay II-B,San Pablo City,14.036861,121.393481
San Agustin,Quezon Province,14.05316,121.489331
Santiago II,San Pablo City,13.977293,121.43814
Sta. Catalina,San Pablo City,14.097034,121.422969
Talisay,Quezon Province,13.980226,121.337341
San Lucas 1,San Pablo City,14.047338,121.344514
San Juan,San Pablo City,13.897699,121.353718
Talisay,Quezon Province,14.061215,121.431372
Barangay II-B,San Pablo City,14.015808,121.396833
San Jose,San Pablo City,14.049909,121.439875
Behia,Quezon Province,13.885317,121.417376
Barangay I-B,San Pablo City,13.994379,121.457337
San Jose,Quezon Province,14.046393,121.495356
Behia,Quezon Province,13.949535,121.438244
Sta. Cruz,San Pablo City,13.907071,121.329296
Bagong Bayan II-A,San Pablo City,14.074782,121.39138
Barangay VII-C,San Pablo City,14.070761,121.431494
Ayusan II,Quezon Province,13.940626,121.463209
San Cristobal,San Pablo City,14.060658,121.312267
San Juan,Quezon Province,13.89977,121.38418
San Antonio 1,San Pablo City,13.931177,121.392172
San Buenaventura,San Pablo City,14.071221,121.319372
Sta. Catalina,San Pablo City,13.901846,121.337833
San Ignacio,San Pablo City,13.982126,121.469891
Barangay III-D,San Pablo City,13.952464,121.300035
Sta. Ana,San Pablo City,14.017948,121.397226
Santiago I,San Pablo City,13.938564,121.484805
Barangay II-B,San Pablo City,14.033659,121.341765
San Francisco,Quezon Province,13.912946,121.498717
Barangay I-B,San Pablo City,13.988051,121.418919
Barangay II-B,San Pablo City,13.898399,121.448466
San Isidro,San Pablo City,13.95528,121.438884
Tamisian,Quezon Province,14.064377,121.423735
Sta. Maria,San Pablo City,13.909277,121.44653
Barangay II-A,San Pablo City,13.880494,121.338437
Sta. Catalina,San Pablo City,14.086471,121.484493
Poblacion II,Quezon Province,13.938888,121.482514
Quipot,Quezon Province,13.98636,121.405241
Barangay VII-B,San Pablo City,13.999077,121.401797
San Jose,Quezon Province,14.025747,121.358471
Cabatang,Quezon Province,14.092233,121.48019
Sta. Veronica I,San Pablo City,14.084835,121.468428
Barangay V-B,San Pablo City,14.008265,121.496182
Barangay I-B,San Pablo City,13.899663,121.37582
San Vicente,San Pablo City,13.966521,121.306852
San Agustin,Quezon Province,13.945006,121.303433
Barangay II-F,San Pablo City,13.972197,121.398034
Barangay VII-B,San Pablo City,13.98469,121.393378
San Crispin,San Pablo City,14.025497,121.454111
Palagaran,Quezon Province,14.062978,121.39331
Barangay VII-E,San Pablo City,13.926096,121.473051
San Juan,Quezon Province,14.072715,121.341457
Barangay III-F,San Pablo City,13.888138,121.368979
Barangay III-E,San Pablo City,14.075032,121.377284
San Juan,San Pablo City,14.096153,121.419195
Poblacion IV,Quezon Province,14.075981,121.356083
Barangay III-D,San Pablo City,13.993378,121.452086
Barangay VII-E,San Pablo City,13.923685,121.398701
San Crispin,San Pablo City,13.887258,121.346863
Lalig,Quezon Province,14.032327,121.484383
Sta. Cruz,San Pablo City,13.912237,121.438063
Santo Niño,San Pablo City,13.965237,121.355
Bagong Bayan II-A,San Pablo City,14.018801,121.379841
Paiisa,Quezon Province,14.055834,121.30144
Santo Angel,San Pablo City,13.919634,121.387663
Barangay VI-E,San Pablo City,14.029664,121.352556
San Roque,San Pablo City,14.062879,121.305154
Bula,Quezon Province,13.943146,121.44219
Sta. Veronica II,San Pablo City,13.885839,121.471615
San Diego,San Pablo City,14.010719,121.412038
San Antonio 1,San Pablo City,13.981048,121.31128
Barangay II-B,San Pablo City,14.004141,121.460578
Barangay I-A,San Pablo City,13.887972,121.47429
Lagalag,Quezon Province,13.904985,121.442023
Barangay VI-A,San Pablo City,14.072236,121.431701
Paiisa,Quezon Province,13.990027,121.414139
Sta. Ana,San Pablo City,13.928296,121.382968
Barangay II-C,San Pablo City,14.017685,121.397917
Lagalag,Quezon Province,14.051533,121.464881
Santo Cristo,San Pablo City,13.88585,121.393824
San Rafael,San Pablo City,13.946902,121.348672
Barangay I-A,San Pablo City,14.064111,121.410546
Santo Cristo,San Pablo City,13.99404,121.484339
San Francisco,San Pablo City,13.972703,121.473374
Lalig,Quezon Province,14.017791,121.401299
Barangay I-B,San Pablo City,13.999165,121.321251
Santiago I,San Pablo City,13.952143,121.305677
San Jose,San Pablo City,13.887071,121.434636
Bagong Pook VI-C,San Pablo City,14.086198,121.30776
Lumingon,Quezon Province,14.092162,121.308383
Barangay II-A,San Pablo City,14.002893,121.355538
San Juan,Quezon Province,14.083911,121.400232
San Juan,Quezon Province,13.933724,121.440469
Dolores,San Pablo City,13.912879,121.358249
Lalig,Quezon Province,13.950571,121.457853
Sta. Veronica I,San Pablo City,14.052347,121.332551
Barangay IV-C,San Pablo City,13.920028,121.315279
Barangay I-B,San Pablo City,14.089267,121.473767
Barangay VII-C,San Pablo City,13.961885,121.309631
Ayusan II,Quezon Province,13.961198,121.366684
Santo Angel,San Pablo City,14.084871,121.446194
Bulakin,Quezon Province,13.94886,121.424397
Santiago I,San Pablo City,13.936382,121.464017
Barangay VII-D,San Pablo City,14.064636,121.421833
Sta. Veronica I,San Pablo City,14.092634,121.421442
San Francisco,San Pablo City,14.011834,121.468812
Sta. Ana,San Pablo City,13.944152,121.481009
San Juan,Quezon Province,13.959082,121.464861
Santiago II,San Pablo City,14.078712,121.300637
Sta. Veronica I,San Pablo City,14.074321,121.351219
Lagalag,Quezon Province,14.088236,121.303545
Lusacan,Quezon Province,14.090307,121.451186
San Isidro,Quezon Province,13.958673,121.370462
San Rafael,San Pablo City,14.084607,121.468643
San Isidro,Quezon Province,14.020623,121.471899
Sta. Cruz,San Pablo City,13.982105,121.462613
Barangay II-B,San Pablo City,13.953495,121.432981
Soledad,San Pablo City,14.058387,121.469279
Barangay II-A,San Pablo City,13.938861,121.467668
Bukal,Quezon Province,13.933151,121.491847
San Pedro,San Pablo City,13.982306,121.411704
Barangay II-F,San Pablo City,13.986713,121.387547
Sta. Catalina,San Pablo City,13.967752,121.325373
Soledad,San Pablo City,14.072411,121.425932
Barangay VII-E,San Pablo City,14.016652,121.336667
Barangay V-D,San Pablo City,13.980521,121.346073
San Pedro,San Pablo City,13.916717,121.354777
Barangay VII-D,San Pablo City,14.094232,121.337036
Barangay VII-A,San Pablo City,13.912249,121.387448
Talisay,Quezon Province,14.041157,121.385416
San Antonio 2,San Pablo City,13.91917,121.489729
Bulakin,Quezon Province,13.928708,121.450002
San Bartolome,San Pablo City,14.009408,121.301459
Bagong Pook VI-C,San Pablo City,13.968242,121.459898
Bula,Quezon Province,13.987599,121.328934
San Rafael,San Pablo City,13.952685,121.494096
Barangay II-A,San Pablo City,13.970524,121.420092
Sta. Catalina,San Pablo City,13.991007,121.493904
San Marcos,San Pablo City,13.890347,121.350269
Barangay VII-E,San Pablo City,14.074366,121.326272
Barangay V-A,San Pablo City,14.010671,121.483601
Sta. Maria,San Pablo City,13.894139,121.41647
Barangay VI-B,San Pablo City,13.979738,121.454332
San Francisco,Quezon Province,13.894085,121.403947
Barangay I-B,San Pablo City,14.099578,121.431004
Atisan,San Pablo City,14.048639,121.447484
Barangay IV-B,San Pablo City,14.085331,121.48256
Sta. Maria,San Pablo City,14.048568,121.356335
San Lucas 2,San Pablo City,13.939912,121.353971
Bulakin,Quezon Province,13.944418,121.356071
Barangay IV-A,San Pablo City,14.093469,121.322207
Anastacia,Quezon Province,14.038065,121.382087
Bagong Bayan II-A,San Pablo City,14.077769,121.488807
Ayusan I,Quezon Province,13.93895,121.499163
San Diego,San Pablo City,13.925465,121.414611
Santo Angel,San Pablo City,13.908045,121.46945
Barangay V-C,San Pablo City,13.968249,121.359433
San Crispin,San Pablo City,13.938609,121.434627
Santiago I,San Pablo City,13.967676,121.400319
San Jose,Quezon Province,13.903612,121.313076
San Gabriel,San Pablo City,14.000384,121.375074
Del Remedio,San Pablo City,14.009548,121.427589
San Pedro,Quezon Province,13.940247,121.360712
San Vicente,San Pablo City,13.979066,121.39051
San Antonio 2,San Pablo City,14.01191,121.316069
Santiago II,San Pablo City,13.97172,121.36115
Sta. Veronica II,San Pablo City,13.908807,121.354834
San Jose,Quezon Province,13.976089,121.413742
Barangay IV-C,San Pablo City,13.964968,121.320813
Dolores,San Pablo City,13.978166,121.367631
San Pedro,San Pablo City,13.906095,121.368565
San Marcos,San Pablo City,13.90769,121.365008
Paiisa,Quezon Province,13.93603,121.415201
Barangay VI-E,San Pablo City,13.998454,121.447682
Lagalag,Quezon Province,13.962589,121.368325
San Rafael,San Pablo City,14.050065,121.402425
Talisay,Quezon Province,13.903243,121.368275
Lumingon,Quezon Province,14.090425,121.353397
Barangay II-E,San Pablo City,14.067603,121.495836
Atisan,San Pablo City,14.093758,121.342752
San Isidro,San Pablo City,14.076235,121.38321
Barangay II-F,San Pablo City,14.00231,121.362785
Barangay VI-B,San Pablo City,13.974713,121.426672
San Gregorio,San Pablo City,13.923053,121.405736
San Antonio 1,San Pablo City,14.01184,121.35862
Cabay,Quezon Province,14.028243,121.343801
Sta. Ana,San Pablo City,14.078801,121.30223
Barangay III-E,San Pablo City,14.044748,121.478549
San Buenaventura,San Pablo City,13.968106,121.498384
Santo Angel,San Pablo City,14.041264,121.489327
Tagbakin,Quezon Province,14.043732,121.477513
Barangay III-D,San Pablo City,13.908347,121.3819
Barangay III-D,San Pablo City,14.097835,121.489463
San Joaquin,San Pablo City,14.09773,121.407188
Barangay VII-D,San Pablo City,13.907615,121.408528
Poblacion II,Quezon Province,13.932997,121.415043
San Isidro,San Pablo City,13.940717,121.436506
Santo Niño,San Pablo City,13.903455,121.351243
Aquino,Quezon Province,14.071835,121.308901
Barangay II-D,San Pablo City,13.940427,121.441158
Bula,Quezon Province,14.025455,121.456482
San Bartolome,San Pablo City,13.941185,121.35684
Santiago II,San Pablo City,14.049803,121.367407
Barangay V-B,San Pablo City,13.883113,121.369117
Barangay I-A,San Pablo City,13.930932,121.30481
Soledad,San Pablo City,13.940783,121.385182
Barangay VII-D,San Pablo City,14.098669,121.356285
Sta. Maria Magdalena,San Pablo City,14.039199,121.480334
Sta. Felomina,San Pablo City,13.930006,121.41329
Santo Niño,San Pablo City,14.002357,121.349627
Barangay V-C,San Pablo City,13.90201,121.329899
Bautista,San Pablo City,14.040905,121.460978
Barangay VI-D,San Pablo City,13.893025,121.328074
Talisay,Quezon Province,14.049058,121.32031
Barangay VII-A,San Pablo City,14.055364,121.413535
Barangay III-E,San Pablo City,13.917541,121.355299
San Buenaventura,San Pablo City,14.026069,121.453345
Barangay IV-C,San Pablo City,13.976425,121.404957
Sta. Veronica I,San Pablo City,13.908927,121.369688
Palagaran,Quezon Province,13.88894,121.369418
Lusacan,Quezon Province,13.925769,121.39439
Santo Cristo,San Pablo City,13.948687,121.302381
Barangay VII-A,San Pablo City,13.932802,121.451032
Tagbakin,Quezon Province,14.007536,121.309378
San Francisco,San Pablo City,13.992376,121.326779
Barangay VII-C,San Pablo City,14.09222,121.458662
Sta. Catalina,San Pablo City,13.971923,121.389429
Lagalag,Quezon Province,13.975249,121.400229
Bukal,Quezon Province,14.080792,121.329036
Barangay III-C,San Pablo City,13.923965,121.338783
Santisimo Rosario,San Pablo City,13.94051,121.433745
Sta. Veronica II,San Pablo City,14.030172,121.305502
Barangay VII-D,San Pablo City,14.068814,121.303645
Sta. Veronica I,San Pablo City,13.929427,121.484451
San Juan,San Pablo City,13.970512,121.442439
Bagong Bayan II-A,San Pablo City,14.004817,121.339023
Palagaran,Quezon Province,13.928656,121.489482
Sta. Felomina,San Pablo City,13.886483,121.487321
San Rafael,San Pablo City,13.914054,121.414683
Sta. Catalina,San Pablo City,14.099644,121.426407
Barangay II-A,San Pablo City,13.927477,121.438099
San Buenaventura,San Pablo City,13.904902,121.368664
San Buenaventura,San Pablo City,13.987571,121.492739
Talisay,Quezon Province,13.893555,121.361185
Paiisa,Quezon Province,13.981388,121.394252
Lumingon,Quezon Province,14.002017,121.465093
San Vicente,San Pablo City,14.092618,121.369828
Sta. Felomina,San Pablo City,14.06355,121.434056
Ayusan II,Quezon Province,14.060977,121.459539
San Antonio 1,San Pablo City,13.944331,121.406727
Del Rosario,Quezon Province,13.976842,121.340795
Dolores,San Pablo City,14.062366,121.324122
San Francisco,San Pablo City,14.012585,121.45254
Soledad,San Pablo City,14.014013,121.317535
Barangay V-C,San Pablo City,14.059125,121.456378
Santo Cristo,San Pablo City,14.02514,121.448149
Bukal,Quezon Province,13.989283,121.318023
Santisimo Rosario,San Pablo City,13.928529,121.378846
Sta. Cruz,San Pablo City,14.054248,121.374521
San Juan,Quezon Province,14.035125,121.429953
Barangay II-C,San Pablo City,13.927101,121.467512
Barangay II-B,San Pablo City,13.956249,121.371428
San Joaquin,San Pablo City,13.881382,121.397292
Behia,Quezon Province,13.929836,121.463654
San Jose,San Pablo City,13.898285,121.367376
Barangay I-B,San Pablo City,14.007467,121.322105
San Pedro,Quezon Province,13.993196,121.450032
Santo Cristo,San Pablo City,14.019749,121.488147
Bagong Pook VI-C,San Pablo City,13.902542,121.419584
San Pedro,San Pablo City,13.945697,121.338238
Barangay VII-E,San Pablo City,13.923299,121.391894
Behia,Quezon Province,13.993782,121.310816
Sta. Cruz,San Pablo City,14.00559,121.317414
Lusacan,Quezon Province,13.92656,121.389878
Poblacion II,Quezon Province,13.999856,121.384016
Santo Angel,San Pablo City,14.046762,121.421037
Barangay II-E,San Pablo City,14.09424,121.456369
San Isidro,San Pablo City,13.962665,121.304918
San Gabriel,San Pablo City,14.053363,121.355084
San Gabriel,San Pablo City,13.911401,121.455364
San Mateo,San Pablo City,14.052256,121.491127
Sta. Maria,San Pablo City,14.070326,121.458182
San Agustin,Quezon Province,13.903082,121.363453
Soledad,San Pablo City,13.95694,121.42355
Barangay III-E,San Pablo City,13.987595,121.378294
Barangay III-A,San Pablo City,13.947897,121.333168
San Roque,San Pablo City,14.038565,121.484273
Barangay VII-E,San Pablo City,14.033878,121.421556
Lumingon,Quezon Province,13.953422,121.366643
Cabay,Quezon Province,14.075644,121.344591
San Juan,Quezon Province,13.968789,121.475791
San Crispin,San Pablo City,13.937089,121.300429
San Mateo,San Pablo City,14.063816,121.442555
Barangay VI-A,San Pablo City,13.966629,121.403551
Sta. Maria Magdalena,San Pablo City,13.905414,121.420291
Bukal,Quezon Province,14.001685,121.345954
San Pedro,Quezon Province,14.069821,121.483503
Barangay III-B,San Pablo City,13.987961,121.356134
San Miguel,San Pablo City,14.083424,121.349884
San Gabriel,San Pablo City,13.942854,121.477177
Sta. Catalina,San Pablo City,13.893228,121.447597
Barangay II-C,San Pablo City,13.959837,121.442738
Barangay III-B,San Pablo City,14.093588,121.395632
Barangay II-E,San Pablo City,14.0681,121.38884
San Jose,Quezon Province,13.945183,121.397275
Del Rosario,Quezon Province,14.008134,121.478505
Bautista,San Pablo City,13.890125,121.44426
Barangay V-C,San Pablo City,13.972255,121.44589
San Isidro,San Pablo City,13.993151,121.399846
Cabay,Quezon Province,14.030374,121.395426
San Pedro,Quezon Province,13.93456,121.446711
San Francisco,San Pablo City,14.058811,121.438784
Talisay,Quezon Province,13.984155,121.3383
Barangay VI-D,San Pablo City,13.94087,121.430943
Barangay III-C,San Pablo City,14.025213,121.330689
Barangay IV-A,San Pablo City,13.889662,121.410509
San Pedro,San Pablo City,14.035427,121.35662
Quipot,Quezon Province,14.093082,121.378313
Bagong Bayan II-A,San Pablo City,13.898979,121.48907
Behia,Quezon Province,13.927901,121.375812
Ayusan I,Quezon Province,13.929983,121.345826
Barangay VII-A,San Pablo City,14.000355,121.444935
Sta. Catalina,San Pablo City,13.902778,121.414928
Palagaran,Quezon Province,13.947102,121.467317
San Lucas 1,San Pablo City,13.96966,121.363055
Sta. Catalina,San Pablo City,13.892633,121.45044
Barangay II-F,San Pablo City,14.083269,121.416524
Sta. Catalina,San Pablo City,14.093725,121.493829
Sta. Maria,San Pablo City,13.910616,121.434881
San Isidro,Quezon Province,13.979,121.440471
San Isidro,San Pablo City,13.987053,121.341895
San Nicolas,San Pablo City,13.902226,121.400283
San Diego,San Pablo City,14.019948,121.327957
Lalig,Quezon Province,14.041639,121.414273
San Roque,San Pablo City,14.047134,121.495146
Sta. Felomina,San Pablo City,14.080362,121.308283
San Lucas 2,San Pablo City,13.89218,121.372888
Tamisian,Quezon Province,14.091042,121.403478
Barangay VI-E,San Pablo City,14.032682,121.421488
Lusacan,Quezon Province,14.015141,121.382825
San Lucas 1,San Pablo City,13.982208,121.499245
Bula,Quezon Province,14.00253,121.491408
San Isidro,Quezon Province,14.005712,121.368793
San Cristobal,San Pablo City,13.94577,121.488272
Barangay V-B,San Pablo City,13.890111,121.466494
Ayusan II,Quezon Province,14.006049,121.34966
Barangay IV-A,San Pablo City,13.919684,121.426084
Del Rosario,Quezon Province,14.092624,121.31865
San Buenaventura,San Pablo City,13.944726,121.444069
San Lucas 2,San Pablo City,13.899355,121.456467
San Pedro,San Pablo City,13.891387,121.321443
Barangay II-A,San Pablo City,14.000991,121.334295
Barangay III-E,San Pablo City,14.044862,121.370694
Bula,Quezon Province,14.072797,121.43263
San Gabriel,San Pablo City,14.027554,121.492323
San Gabriel,San Pablo City,13.992474,121.366029
Barangay VI-D,San Pablo City,13.896295,121.426611
Atisan,San Pablo City,14.05245,121.418304
Atisan,San Pablo City,14.055664,121.360076
Barangay III-D,San Pablo City,13.927621,121.48349
Barangay VI-D,San Pablo City,13.930299,121.490655
Poblacion I,Quezon Province,14.073927,121.335174
Talisay,Quezon Province,14.002236,121.486593
San Lucas 1,San Pablo City,13.989791,121.473258
Sta. Monica,San Pablo City,14.052815,121.402133
Sta. Felomina,San Pablo City,13.897162,121.4601
Poblacion I,Quezon Province,14.013457,121.307074
Bulakin,Quezon Province,13.96805,121.499084
San Mateo,San Pablo City,13.968384,121.388946
Cabay,Quezon Province,14.06376,121.356358
San Miguel,San Pablo City,14.027416,121.475791
Poblacion IV,Quezon Province,14.006348,121.496629
Sta. Catalina,San Pablo City,13.912765,121.33564
Barangay II-B,San Pablo City,14.016962,121.36413
Barangay V-B,San Pablo City,13.917173,121.411014
San Diego,San Pablo City,14.082431,121.352492
San Lorenzo,San Pablo City,14.090258,121.366541
Anastacia,Quezon Province,14.08508,121.324894
Quipot,Quezon Province,14.072988,121.451389
Poblacion IV,Quezon Province,13.995071,121.367191
San Ignacio,San Pablo City,14.014034,121.469696
Palagaran,Quezon Province,13.987083,121.333712
Barangay II-C,San Pablo City,13.911679,121.441672
Barangay III-E,San Pablo City,14.066372,121.365162
Cabay,Quezon Province,14.005749,121.488821
Cabay,Quezon Province,13.966366,121.48545
Lumingon,Quezon Province,14.092006,121.411862
San Lucas 1,San Pablo City,14.039487,121.377518
Barangay II-A,San Pablo City,13.912771,121.422529
Bukal,Quezon Province,13.978194,121.478655
San Isidro,Quezon Province,14.025936,121.484644
Sta. Ana,San Pablo City,13.883698,121.390265
Barangay V-C,San Pablo City,14.067899,121.359027
San Gregorio,San Pablo City,14.035204,121.446551
Concepcion,San Pablo City,14.002254,121.380127
Barangay V-D,San Pablo City,14.047444,121.30965
Barangay III-D,San Pablo City,13.964348,121.4666
San Joaquin,San Pablo City,13.905237,121.447449
San Antonio 2,San Pablo City,13.951442,121.392366
Barangay IV-C,San Pablo City,14.060524,121.499699
San Ignacio,San Pablo City,13.910269,121.407615
Sta. Ana,San Pablo City,13.949779,121.360212
San Marcos,San Pablo City,13.881662,121.468699
Santo Niño,San Pablo City,13.98815,121.37293
Poblacion IV,Quezon Province,14.099509,121.39124
Bagong Pook VI-C,San Pablo City,14.011069,121.498153
San Francisco,Quezon Province,13.882861,121.369828
Lagalag,Quezon Province,13.995302,121.348039
Sta. Ana,San Pablo City,14.091407,121.314854
San Antonio 1,San Pablo City,13.979357,121.48146
Barangay VII-C,San Pablo City,14.05711,121.385876
Santo Cristo,San Pablo City,14.091821,121.377146
Barangay V-C,San Pablo City,13.996379,121.441434
Soledad,San Pablo City,14.035111,121.316588
Sta. Veronica II,San Pablo City,13.925777,121.419956
Barangay II-B,San Pablo City,14.080984,121.471273
Quipot,Quezon Province,14.029677,121.412076
Barangay III-F,San Pablo City,13.97338,121.448006
Barangay III-F,San Pablo City,14.052214,121.445195
Lalig,Quezon Province,14.009954,121.475052
San Pedro,San Pablo City,13.974611,121.324321
Barangay II-F,San Pablo City,13.936824,121.417991
San Nicolas,San Pablo City,14.021273,121.324783
Del Remedio,San Pablo City,14.034181,121.471776
Lumingon,Quezon Province,14.001082,121.346155
Barangay VI-D,San Pablo City,13.8906,121.446743
Anastacia,Quezon Province,13.8854,121.314128
Bulakin,Quezon Province,14.060047,121.386938
Poblacion I,Quezon Province,13.891496,121.328468
Barangay I-B,San Pablo City,13.989067,121.349064
San Vicente,San Pablo City,14.071266,121.442508
San Pedro,Quezon Province,14.0548,121.400416
Barangay III-C,San Pablo City,14.027338,121.432209
Santo Cristo,San Pablo City,13.959261,121.439315
Lumingon,Quezon Province,14.041688,121.369487
Poblacion IV,Quezon Province,13.921961,121.325643
Barangay III-C,San Pablo City,14.056713,121.417183
San Isidro,Quezon Province,13.881182,121.349045
Sta. Maria Magdalena,San Pablo City,14.0524,121.325531
Sta. Felomina,San Pablo City,13.920093,121.400631
San Roque,San Pablo City,14.073173,121.308447
Barangay IV-A,San Pablo City,14.058871,121.303654
Cabay,Quezon Province,13.913217,121.392453
Barangay VI-E,San Pablo City,14.016177,121.448763
Barangay I-A,San Pablo City,14.034468,121.486166
San Isidro,Quezon Province,13.969399,121.310016
Barangay III-A,San Pablo City,14.068026,121.438921
Sta. Veronica II,San Pablo City,13.981191,121.303366
San Crispin,San Pablo City,13.907255,121.349722
Cabay,Quezon Province,14.088744,121.482985
Poblacion I,Quezon Province,14.072271,121.469748
San Lorenzo,San Pablo City,13.922079,121.363402
Santisimo Rosario,San Pablo City,13.990009,121.497671
Barangay IV-B,San Pablo City,13.969671,121.491265
San Diego,San Pablo City,13.904336,121.472456
Sta. Maria Magdalena,San Pablo City,13.949928,121.477133
Sta. Maria,San Pablo City,14.017691,121.405676
Barangay VII-E,San Pablo City,14.025369,121.363415
Barangay II-E,San Pablo City,14.002565,121.369435
Poblacion I,Quezon Province,13.903576,121.466517
Barangay VI-A,San Pablo City,13.932854,121.425826
San Roque,San Pablo City,13.935674,121.420308
Aquino,Quezon Province,13.95149,121.43168
Behia,Quezon Province,13.962306,121.377534
Barangay III-A,San Pablo City,14.029218,121.446699
Barangay I-A,San Pablo City,13.884243,121.381223
San Miguel,San Pablo City,14.080366,121.377381
Atisan,San Pablo City,14.051667,121.326975
San Mateo,San Pablo City,13.894455,121.42569
Bagong Pook VI-C,San Pablo City,13.903742,121.30156
Poblacion I,Quezon Province,13.980549,121.483024
Del Remedio,San Pablo City,14.069622,121.410439
San Isidro,Quezon Province,14.088372,121.458508
Barangay VII-B,San Pablo City,14.030702,121.384206
Lalig,Quezon Province,13.890324,121.328901
Bulakin,Quezon Province,13.99163,121.368682
Cabay,Quezon Province,13.914748,121.373376
San Rafael,San Pablo City,13.953887,121.368688
Barangay IV-B,San Pablo City,14.037661,121.49723
San Agustin,Quezon Province,14.030555,121.320014
Sta. Cruz,San Pablo City,14.052568,121.330116
San Lucas 2,San Pablo City,14.054406,121.342936
San Gregorio,San Pablo City,14.084839,121.307076
San Pedro,Quezon Province,13.923861,121.475143
Tamisian,Quezon Province,14.006555,121.451217
Sta. Cruz,San Pablo City,14.045122,121.405644
Barangay VI-E,San Pablo City,14.015112,121.311819
Sta. Catalina,San Pablo City,14.008527,121.322191
Barangay V-C,San Pablo City,14.059512,121.418959
San Marcos,San Pablo City,13.921169,121.451535
Cabay,Quezon Province,14.06775,121.35525
San Marcos,San Pablo City,14.02052,121.413802
Sta. Veronica I,San Pablo City,13.897877,121.49412
Barangay II-E,San Pablo City,13.950107,121.466408
Sta. Cruz,San Pablo City,14.091297,121.404056
Concepcion,San Pablo City,14.027268,121.385915
San Pedro,Quezon Province,14.048036,121.377868
San Bartolome,San Pablo City,14.058928,121.473639
Barangay I-B,San Pablo City,13.893373,121.438824
Barangay IV-A,San Pablo City,14.038967,121.442961
Santo Niño,San Pablo City,13.920042,121.497106
San Antonio 2,San Pablo City,13.983859,121.372191
Barangay VI-A,San Pablo City,14.044537,121.310158
Tamisian,Quezon Province,14.076945,121.320148
Barangay V-B,San Pablo City,14.095069,121.47211
Bulakin,Quezon Province,14.098045,121.311974
San Roque,San Pablo City,14.064064,121.393158
Sta. Maria,San Pablo City,13.902567,121.475095
Santiago I,San Pablo City,14.043131,121.373305
Poblacion I,Quezon Province,14.04876,121.484434
San Gregorio,San Pablo City,14.056149,121.379605
Sta. Ana,San Pablo City,13.954912,121.446755
Barangay VII-C,San Pablo City,13.999187,121.479283
San Antonio 2,San Pablo City,14.09005,121.309534
Sta. Cruz,San Pablo City,14.054193,121.461727
San Nicolas,San Pablo City,13.898677,121.457138
Poblacion I,Quezon Province,13.955938,121.328602
Barangay I-A,San Pablo City,14.049446,121.4395
Barangay V-C,San Pablo City,14.002893,121.446615
San Lucas 1,San Pablo City,13.959339,121.407737
Barangay II-D,San Pablo City,13.952918,121.348728
San Miguel,San Pablo City,14.023536,121.449166
San Jose,San Pablo City,13.902181,121.44332
Sta. Veronica II,San Pablo City,14.020285,121.400546
Behia,Quezon Province,13.956103,121.384739
Barangay IV-C,San Pablo City,14.009444,121.368017
Ayusan I,Quezon Province,13.904134,121.354502
San Crispin,San Pablo City,14.063959,121.470161
Bula,Quezon Province,14.016256,121.339168
Dolores,San Pablo City,13.937292,121.394059
San Pedro,Quezon Province,13.952615,121.309878
Barangay VII-C,San Pablo City,14.08881,121.47992
Barangay V-A,San Pablo City,13.952169,121.381069
San Agustin,Quezon Province,13.992835,121.383431
Barangay II-E,San Pablo City,13.898774,121.46118
San Gregorio,San Pablo City,14.019708,121.425439
Tamisian,Quezon Province,14.057934,121.336209
San Pedro,Quezon Province,13.985931,121.384919
Sta. Cruz,San Pablo City,13.977806,121.370951
Sta. Catalina,San Pablo City,13.905151,121.478276
Cabatang,Quezon Province,13.999221,121.460594
Barangay II-A,San Pablo City,14.081543,121.412603
Barangay VII-C,San Pablo City,13.970913,121.474546
Barangay V-A,San Pablo City,13.930178,121.350406
San Antonio 2,San Pablo City,13.977265,121.374537
Bagong Pook VI-C,San Pablo City,14.037535,121.374469
Bagong Pook VI-C,San Pablo City,13.951661,121.304767
Ayusan I,Quezon Province,14.024343,121.419471
San Mateo,San Pablo City,14.021084,121.31576
San Jose,San Pablo City,14.041574,121.482108
Barangay VII-B,San Pablo City,14.058603,121.489598
Lumingon,Quezon Province,13.972606,121.328411
San Miguel,San Pablo City,13.958174,121.364714
Barangay V-D,San Pablo City,14.039825,121.492757
Tagbakin,Quezon Province,14.000443,121.465454
Bula,Quezon Province,14.081175,121.431087
Barangay I-A,San Pablo City,13.961737,121.363016
San Joaquin,San Pablo City,14.080053,121.340638
Barangay VII-A,San Pablo City,14.016281,121.358303
Lusacan,Quezon Province,14.090713,121.444332
Talisay,Quezon Province,14.053888,121.31
Barangay IV-C,San Pablo City,13.974938,121.327217
Sta. Veronica I,San Pablo City,13.91278,121.412106
San Francisco,Quezon Province,13.913077,121.441587
San Cristobal,San Pablo City,14.089394,121.381993
Barangay III-E,San Pablo City,13.951172,121.464213
Cabay,Quezon Province,13.975385,121.354785
Barangay IV-B,San Pablo City,14.098608,121.311402
San Gregorio,San Pablo City,14.078277,121.406739
San Pedro,San Pablo City,13.908196,121.368703
Talisay,Quezon Province,14.065741,121.493779
San Nicolas,San Pablo City,13.911055,121.4089
Sta. Monica,San Pablo City,14.018381,121.388723
Barangay VI-A,San Pablo City,14.089816,121.305572
Del Rosario,Quezon Province,13.922121,121.451844
Soledad,San Pablo City,14.01467,121.482367
Barangay IV-B,San Pablo City,13.93788,121.397258
Cabay,Quezon Province,14.033757,121.303855
San Agustin,Quezon Province,13.95042,121.332245
San Lorenzo,San Pablo City,13.96663,121.393297
San Miguel,San Pablo City,14.017784,121.352951
San Lucas 1,San Pablo City,13.984321,121.426891
San Buenaventura,San Pablo City,13.981097,121.496388
San Crispin,San Pablo City,13.919956,121.424842
San Crispin,San Pablo City,14.071287,121.418096
San Jose,San Pablo City,14.039466,121.30761
Barangay VI-A,San Pablo City,13.954126,121.31864
Lalig,Quezon Province,13.942969,121.36326
Barangay VI-A,San Pablo City,14.054629,121.48283
Santisimo Rosario,San Pablo City,14.034372,121.371826
San Nicolas,San Pablo City,13.935641,121.440469
Soledad,San Pablo City,13.965731,121.317553
Bula,Quezon Province,13.886654,121.422821
Poblacion II,Quezon Province,14.081822,121.355415
Lusacan,Quezon Province,14.01971,121.446665
Barangay VI-A,San Pablo City,13.988714,121.374316
Bulakin,Quezon Province,14.05496,121.313385
Santisimo Rosario,San Pablo City,13.914783,121.424055
Barangay II-D,San Pablo City,14.066666,121.337734
Cabatang,Quezon Province,14.025182,121.4131
Sta. Catalina,San Pablo City,13.913011,121.462163
Del Remedio,San Pablo City,13.958271,121.49971
San Isidro,Quezon Province,14.078659,121.374846
Dolores,San Pablo City,14.04273,121.40054
Sta. Maria Magdalena,San Pablo City,13.980004,121.476379
Barangay III-C,San Pablo City,14.070307,121.367733
Concepcion,San Pablo City,14.012473,121.412563
Barangay VI-B,San Pablo City,13.961743,121.32554
Barangay VI-E,San Pablo City,13.950423,121.441912
San Cristobal,San Pablo City,13.988675,121.421045
Santisimo Rosario,San Pablo City,13.917425,121.370099
Barangay II-D,San Pablo City,14.004261,121.363359
Lumingon,Quezon Province,14.036942,121.353301
Palagaran,Quezon Province,13.919558,121.399896
Dolores,San Pablo City,13.993509,121.354192
Barangay VI-B,San Pablo City,14.047369,121.44974
Sta. Isabel,San Pablo City,13.919106,121.467552
San Joaquin,San Pablo City,14.086525,121.306105
Barangay VI-B,San Pablo City,13.947791,121.332785
Tamisian,Quezon Province,14.06579,121.360049
Bula,Quezon Province,13.982168,121.474585
San Pedro,Quezon Province,14.075356,121.380108
San Gregorio,San Pablo City,13.973447,121.48583
Sta. Veronica I,San Pablo City,13.966335,121.334069
Anastacia,Quezon Province,14.001447,121.341754
Barangay V-B,San Pablo City,13.945962,121.406307
Barangay VII-B,San Pablo City,14.08304,121.492254
Barangay V-C,San Pablo City,13.910006,121.422784
Ayusan I,Quezon Province,13.938786,121.352298
Lagalag,Quezon Province,14.048949,121.309876
Tamisian,Quezon Province,13.972235,121.44035
Santisimo Rosario,San Pablo City,14.003214,121.417092
Del Remedio,San Pablo City,13.986215,121.407997
San Antonio 2,San Pablo City,13.917569,121.428938
Barangay VII-E,San Pablo City,13.881274,121.340542
San Jose,San Pablo City,14.037169,121.315162
Poblacion II,Quezon Province,13.942375,121.331225
Barangay IV-C,San Pablo City,13.977934,121.494041
Cabay,Quezon Province,13.906166,121.355288
Sta. Felomina,San Pablo City,13.980134,121.443751
Lagalag,Quezon Province,13.969066,121.470069
Barangay I-B,San Pablo City,13.897046,121.389517
Lagalag,Quezon Province,13.899772,121.494443
Barangay VI-B,San Pablo City,13.979898,121.374456
Barangay VI-E,San Pablo City,13.942226,121.355066
San Rafael,San Pablo City,14.049492,121.336672
Barangay VII-A,San Pablo City,14.033345,121.314476
Aquino,Quezon Province,14.001672,121.361838
San Agustin,Quezon Province,13.886751,121.48687
Barangay II-E,San Pablo City,13.944703,121.321947
Barangay VII-A,San Pablo City,13.965134,121.348523
Atisan,San Pablo City,14.097402,121.475179
Concepcion,San Pablo City,13.952086,121.447754
Barangay II-C,San Pablo City,13.945527,121.352362
Bukal,Quezon Province,14.034643,121.448535
San Isidro,San Pablo City,13.99786,121.337497
Poblacion IV,Quezon Province,13.946366,121.434842
Bulakin,Quezon Province,13.976822,121.493207
San Juan,San Pablo City,13.918954,121.462327
Sta. Veronica I,San Pablo City,13.896481,121.440489
Anastacia,Quezon Province,13.898749,121.462398
Poblacion III,Quezon Province,13.932326,121.484162
San Gabriel,San Pablo City,13.880185,121.428873
Santo Angel,San Pablo City,13.959766,121.362263
Santo Niño,San Pablo City,13.909531,121.389664
Barangay V-D,San Pablo City,13.972313,121.468032
Barangay III-D,San Pablo City,13.880481,121.453937
San Antonio 2,San Pablo City,14.019453,121.327532
Bautista,San Pablo City,13.981558,121.491019
San Pedro,Quezon Province,13.89825,121.346952
Barangay I-B,San Pablo City,14.023277,121.353679
Anastacia,Quezon Province,13.934654,121.407971
San Cristobal,San Pablo City,14.088232,121.447258
San Gabriel,San Pablo City,13.987292,121.425116
Bagong Pook VI-C,San Pablo City,14.035176,121.485028
Barangay V-D,San Pablo City,13.956072,121.322445
Bukal,Quezon Province,14.075464,121.392257
Lumingon,Quezon Province,14.099335,121.449239
San Buenaventura,San Pablo City,14.006158,121.371784
San Pedro,Quezon Province,14.035594,121.363988
Sta. Maria Magdalena,San Pablo City,13.886757,121.46166
Ayusan I,Quezon Province,14.017746,121.318687
Barangay II-A,San Pablo City,14.072267,121.450037
San Rafael,San Pablo City,14.06797,121.388069
San Antonio 1,San Pablo City,13.945426,121.400212
San Mateo,San Pablo City,13.883537,121.397078
San Isidro,San Pablo City,13.938831,121.310335
Tamisian,Quezon Province,14.012921,121.441052
San Jose,Quezon Province,13.934864,121.404557
Bautista,San Pablo City,14.017782,121.316251
San Ignacio,San Pablo City,14.061947,121.413446
Barangay IV-B,San Pablo City,13.9927,121.319921
Barangay VI-E,San Pablo City,13.967445,121.392211
Barangay II-C,San Pablo City,13.881215,121.488799
Barangay III-F,San Pablo City,14.037416,121.496306
Lagalag,Quezon Province,13.951549,121.435122
Sta. Maria,San Pablo City,13.902817,121.323824
San Ignacio,San Pablo City,14.014377,121.49223
Poblacion IV,Quezon Province,13.938132,121.496109
Tagbakin,Quezon Province,13.9415,121.365658
San Pedro,San Pablo City,13.969491,121.498625
Del Rosario,Quezon Province,13.942231,121.485031
Palagaran,Quezon Province,13.913796,121.304538
San Buenaventura,San Pablo City,13.894445,121.46699
San Nicolas,San Pablo City,14.097057,121.484345
Barangay II-E,San Pablo City,14.046954,121.410268
San Rafael,San Pablo City,14.041577,121.315379
Barangay VII-A,San Pablo City,14.072143,121.423646
Sta. Ana,San Pablo City,13.95344,121.468881
Barangay III-D,San Pablo City,14.007077,121.368735
Barangay II-D,San Pablo City,13.9652,121.498825
Bukal,Quezon Province,14.022131,121.370515
San Jose,Quezon Province,14.095797,121.440177
San Cristobal,San Pablo City,14.014206,121.315099
Barangay VII-D,San Pablo City,14.008233,121.34732
Barangay VII-E,San Pablo City,13.907887,121.313207
Sta. Veronica I,San Pablo City,14.05114,121.461823
San Mateo,San Pablo City,13.886768,121.408099
Barangay I-A,San Pablo City,13.895647,121.360893
San Isidro,San Pablo City,14.056656,121.390665
Barangay II-D,San Pablo City,13.993253,121.364054
Barangay VII-E,San Pablo City,14.039653,121.431496
Del Rosario,Quezon Province,13.99113,121.374625
Barangay III-B,San Pablo City,13.981967,121.364977
Palagaran,Quezon Province,14.091665,121.355761
San Nicolas,San Pablo City,14.048246,121.410782
Ayusan I,Quezon Province,13.919488,121.48026
Barangay III-F,San Pablo City,14.007261,121.325537
Barangay VI-E,San Pablo City,13.88563,121.398434
San Lucas 1,San Pablo City,13.962329,121.346028
Barangay V-D,San Pablo City,13.906813,121.492024
Sta. Catalina,San Pablo City,13.911996,121.320097
Barangay III-F,San Pablo City,14.033922,121.373354
Santo Angel,San Pablo City,13.89257,121.469767
Del Remedio,San Pablo City,14.022433,121.422064
Barangay II-C,San Pablo City,13.92242,121.369175
Sta. Veronica I,San Pablo City,14.077922,121.414628
San Francisco,San Pablo City,13.992875,121.425607
Sta. Felomina,San Pablo City,13.905827,121.479828
San Mateo,San Pablo City,13.988562,121.326044
San Pedro,San Pablo City,13.967326,121.354072
Poblacion III,Quezon Province,14.007084,121.440948
Barangay VI-A,San Pablo City,14.043654,121.467931
Palagaran,Quezon Province,13.935762,121.460642
Aquino,Quezon Province,13.962052,121.461737
San Lorenzo,San Pablo City,13.996606,121.364927
Barangay III-B,San Pablo City,13.88109,121.419086
Cabatang,Quezon Province,13.950479,121.378236
Anastacia,Quezon Province,14.006377,121.381986
Palagaran,Quezon Province,14.076323,121.391302
Santo Niño,San Pablo City,13.88743,121.442289
San Bartolome,San Pablo City,13.967121,121.386593
Barangay III-B,San Pablo City,13.902972,121.430388
Barangay II-D,San Pablo City,13.955332,121.330704
Lagalag,Quezon Province,14.019375,121.414732
San Lucas 2,San Pablo City,14.085436,121.32067
Barangay VI-D,San Pablo City,13.952774,121.322372
Sta. Cruz,San Pablo City,13.975205,121.447524
San Ignacio,San Pablo City,13.883902,121.357076
Sta. Maria Magdalena,San Pablo City,14.084432,121.322951
Sta. Catalina,San Pablo City,13.898441,121.380529
Ayusan II,Quezon Province,14.000057,121.429634
San Antonio 2,San Pablo City,13.96216,121.454525
Bukal,Quezon Province,13.981806,121.423585
Barangay III-C,San Pablo City,14.038988,121.382345
Barangay I-B,San Pablo City,13.989156,121.404992
Aquino,Quezon Province,13.925502,121.375445
San Crispin,San Pablo City,14.079496,121.460803
Barangay IV-C,San Pablo City,13.959018,121.390776
Barangay II-B,San Pablo City,13.96544,121.497432
San Pedro,San Pablo City,13.993643,121.404329
Soledad,San Pablo City,13.945682,121.369731
Santo Angel,San Pablo City,13.974368,121.30501
Behia,Quezon Province,14.072752,121.42651
San Gabriel,San Pablo City,14.044573,121.371065
Sta. Maria,San Pablo City,13.971564,121.363558
Concepcion,San Pablo City,14.045953,121.323487
San Mateo,San Pablo City,14.045592,121.403134
Barangay II-C,San Pablo City,13.973179,121.433028
San Joaquin,San Pablo City,13.915894,121.310679
Bula,Quezon Province,13.922549,121.302237
Barangay III-D,San Pablo City,13.923705,121.30712
Del Remedio,San Pablo City,14.020945,121.392631
Barangay II-A,San Pablo City,14.05795,121.478758
Barangay III-F,San Pablo City,13.985403,121.327355
Atisan,San Pablo City,13.949753,121.484646
Barangay II-F,San Pablo City,13.983924,121.454991
Sta. Monica,San Pablo City,14.025562,121.416184
San Gregorio,San Pablo City,14.051201,121.435216
Barangay IV-A,San Pablo City,13.916419,121.484663
Lalig,Quezon Province,13.947897,121.413391
Palagaran,Quezon Province,13.942452,121.49205
Atisan,San Pablo City,13.880859,121.426257
Santiago II,San Pablo City,13.959417,121.438424
Bulakin,Quezon Province,13.933286,121.35883
Barangay II-E,San Pablo City,13.907912,121.442444
Barangay V-C,San Pablo City,13.883356,121.452721
Barangay II-E,San Pablo City,13.993823,121.491398
Santo Angel,San Pablo City,13.961746,121.418581
San Vicente,San Pablo City,14.090555,121.400135
Palagaran,Quezon Province,13.929856,121.328886
Barangay V-C,San Pablo City,13.981159,121.485032
San Jose,San Pablo City,13.885472,121.407662
Barangay VII-C,San Pablo City,14.025236,121.480941
Barangay V-A,San Pablo City,14.023575,121.473018
San Nicolas,San Pablo City,14.090841,121.448968
Sta. Cruz,San Pablo City,13.90239,121.39143
San Vicente,San Pablo City,13.89361,121.342712
Barangay V-A,San Pablo City,14.021894,121.337255
San Gabriel,San Pablo City,14.00396,121.36312
Barangay VII-C,San Pablo City,13.996574,121.450164
San Marcos,San Pablo City,13.984851,121.445667
Barangay III-C,San Pablo City,13.957921,121.472883
Lumingon,Quezon Province,13.895988,121.424334
San Gregorio,San Pablo City,14.01743,121.483415
San Juan,San Pablo City,14.076186,121.393096
San Crispin,San Pablo City,13.984842,121.342647
Poblacion I,Quezon Province,13.935776,121.461188
Barangay III-D,San Pablo City,14.034687,121.464044
Sta. Veronica II,San Pablo City,14.032879,121.488899
San Francisco,Quezon Province,14.076653,121.456586
San Bartolome,San Pablo City,13.896612,121.37988
San Bartolome,San Pablo City,13.997672,121.44962
Santo Niño,San Pablo City,14.094447,121.392257
Barangay IV-C,San Pablo City,13.931332,121.419444
Barangay VI-E,San Pablo City,13.907503,121.383115
Barangay VI-E,San Pablo City,13.896391,121.477783
San Francisco,Quezon Province,13.980989,121.494906
San Isidro,Quezon Province,14.062576,121.393352
Sta. Ana,San Pablo City,14.093751,121.491438
Sta. Felomina,San Pablo City,14.017859,121.318023
San Joaquin,San Pablo City,13.8903,121.470134
Barangay III-E,San Pablo City,14.063434,121.442074
Poblacion I,Quezon Province,13.909905,121.358126
Barangay VI-E,San Pablo City,13.913486,121.331863
Sta. Veronica II,San Pablo City,13.89004,121.336836
San Jose,San Pablo City,13.951143,121.314019
Santisimo Rosario,San Pablo City,13.910324,121.440121
Sta. Catalina,San Pablo City,13.91549,121.397421
Barangay VII-B,San Pablo City,14.082829,121.318192
San Miguel,San Pablo City,14.039152,121.309564
Barangay II-C,San Pablo City,13.882778,121.382858
Lusacan,Quezon Province,13.932335,121.426588
Barangay VI-D,San Pablo City,13.904717,121.314176
San Mateo,San Pablo City,13.926136,121.380856
Barangay II-B,San Pablo City,14.046687,121.42386
San Pedro,San Pablo City,13.898284,121.339055
Barangay III-C,San Pablo City,14.077197,121.343947
Barangay VII-C,San Pablo City,14.011112,121.327308
San Joaquin,San Pablo City,13.932916,121.398547
San Antonio 2,San Pablo City,13.977108,121.396978
San Joaquin,San Pablo City,14.074177,121.364376
San Diego,San Pablo City,14.098707,121.39518
San Francisco,San Pablo City,14.028274,121.480754
Bula,Quezon Province,14.08308,121.419377
Anastacia,Quezon Province,13.992147,121.350048
Palagaran,Quezon Province,13.904126,121.308466
San Jose,San Pablo City,13.976209,121.439249
Sta. Veronica I,San Pablo City,13.92901,121.354144
Quipot,Quezon Province,13.989848,121.449366
Barangay II-E,San Pablo City,13.933779,121.398272
Paiisa,Quezon Province,13.990416,121.426019
Quipot,Quezon Province,14.098543,121.337011
Barangay III-E,San Pablo City,13.951216,121.467043
Barangay VII-C,San Pablo City,13.949517,121.393907
Santiago I,San Pablo City,13.955935,121.340514
Barangay III-A,San Pablo City,14.048516,121.449979
Barangay VI-A,San Pablo City,14.011472,121.406044
Barangay II-E,San Pablo City,14.051785,121.346073
Santiago I,San Pablo City,13.936889,121.482696
San Bartolome,San Pablo City,13.942779,121.349189
Barangay III-E,San Pablo City,13.920554,121.301786
Santo Angel,San Pablo City,13.979659,121.324109
San Lucas 1,San Pablo City,13.89608,121.419283
Barangay II-F,San Pablo City,13.892072,121.4834
Barangay VII-B,San Pablo City,14.056285,121.417468
Tagbakin,Quezon Province,14.040734,121.348056
San Lorenzo,San Pablo City,13.919847,121.479398
Poblacion II,Quezon Province,14.063197,121.376157
San Miguel,San Pablo City,14.057706,121.4054
San Marcos,San Pablo City,13.896281,121.379014
Paiisa,Quezon Province,13.914527,121.472452
Santiago II,San Pablo City,13.913147,121.347485
Barangay III-A,San Pablo City,13.893306,121.488548
Lumingon,Quezon Province,14.045495,121.494849
San Agustin,Quezon Province,14.081858,121.385953
Bagong Pook VI-C,San Pablo City,13.971558,121.439265
Tagbakin,Quezon Province,14.036598,121.349699
Sta. Veronica II,San Pablo City,14.003294,121.319735
Barangay VII-C,San Pablo City,13.988906,121.351318
Barangay III-B,San Pablo City,13.896259,121.316791
Santo Angel,San Pablo City,13.98476,121.490504
Soledad,San Pablo City,14.014646,121.424638
San Pedro,Quezon Province,13.938272,121.357574
Bagong Bayan II-A,San Pablo City,14.042106,121.400317
Barangay VI-D,San Pablo City,14.099035,121.417243
Barangay III-A,San Pablo City,14.070593,121.311522
San Juan,San Pablo City,13.897519,121.429567
Quipot,Quezon Province,13.892652,121.324351
Barangay VII-E,San Pablo City,14.004833,121.464005
Behia,Quezon Province,14.090545,121.377734
Anastacia,Quezon Province,13.892206,121.43197
San Rafael,San Pablo City,14.029592,121.458564
Barangay VI-A,San Pablo City,13.971444,121.325758
Barangay V-D,San Pablo City,13.975795,121.410347
Talisay,Quezon Province,13.949123,121.373736
Anastacia,Quezon Province,13.910966,121.441498
Sta. Ana,San Pablo City,13.92165,121.479651
Lusacan,Quezon Province,13.927728,121.385746
Aquino,Quezon Province,13.938464,121.459226
Santo Cristo,San Pablo City,14.063423,121.371376
San Joaquin,San Pablo City,13.95225,121.417892
Behia,Quezon Province,13.980782,121.482236
Barangay V-C,San Pablo City,13.930921,121.425062
Bula,Quezon Province,13.902546,121.32944
Atisan,San Pablo City,13.948492,121.462101
Barangay VI-A,San Pablo City,14.029696,121.349573
Barangay I-A,San Pablo City,13.914403,121.413429
Barangay VII-B,San Pablo City,14.02847,121.470389
Barangay III-D,San Pablo City,14.068567,121.480607
San Buenaventura,San Pablo City,14.090535,121.39765
Barangay II-E,San Pablo City,14.072071,121.49435
Lumingon,Quezon Province,13.885593,121.463183
Lusacan,Quezon Province,13.986723,121.422277
Sta. Maria,San Pablo City,14.02647,121.318668
Poblacion I,Quezon Province,13.894316,121.315926
Anastacia,Quezon Province,13.884556,121.302373
Quipot,Quezon Province,13.899208,121.396784
San Jose,Quezon Province,13.974723,121.306469
Sta. Maria Magdalena,San Pablo City,14.044889,121.450878
Talisay,Quezon Province,14.014991,121.43326
San Gregorio,San Pablo City,14.066896,121.490778
San Antonio 2,San Pablo City,13.9958,121.433971
Barangay VII-B,San Pablo City,14.058653,121.476908
Barangay VI-A,San Pablo City,13.945999,121.306179
Barangay VII-D,San Pablo City,14.038411,121.407357
Atisan,San Pablo City,14.058459,121.446038
Palagaran,Quezon Province,13.902556,121.478773
Barangay VI-D,San Pablo City,14.04657,121.425621
Sta. Felomina,San Pablo City,14.012387,121.46002
Bula,Quezon Province,13.906178,121.333986
Lagalag,Quezon Province,13.895867,121.333364
Poblacion III,Quezon Province,13.9953,121.3142
Barangay V-C,San Pablo City,13.937791,121.307607
Cabatang,Quezon Province,14.042864,121.324215
Cabatang,Quezon Province,13.922988,121.482742
Aquino,Quezon Province,14.033282,121.371772
Santisimo Rosario,San Pablo City,13.920916,121.311365
San Antonio 2,San Pablo City,13.983647,121.326396
Behia,Quezon Province,13.923629,121.366567
San Juan,Quezon Province,13.938546,121.490308
Barangay V-B,San Pablo City,14.044785,121.334779
San Roque,San Pablo City,14.074444,121.373271
Poblacion I,Quezon Province,14.054728,121.309577
Barangay II-C,San Pablo City,14.073843,121.426506
Santo Angel,San Pablo City,13.929518,121.420377
San Nicolas,San Pablo City,13.963069,121.342742
Barangay III-B,San Pablo City,14.042983,121.312914
Barangay I-B,San Pablo City,14.049028,121.492001
Anastacia,Quezon Province,14.058572,121.42047
San Jose,San Pablo City,13.971264,121.426958
Barangay III-F,San Pablo City,13.891639,121.417211
San Miguel,San Pablo City,13.929195,121.392048
Atisan,San Pablo City,14.066411,121.475936
Santo Cristo,San Pablo City,13.908502,121.310248
Barangay VII-E,San Pablo City,14.06019,121.302687
San Juan,Quezon Province,13.943479,121.380452
Barangay VII-E,San Pablo City,14.050111,121.471979
San Gregorio,San Pablo City,14.046316,121.485498
Ayusan I,Quezon Province,14.052135,121.384272
Barangay II-B,San Pablo City,13.997949,121.468987
Behia,Quezon Province,13.956015,121.332097
Lusacan,Quezon Province,13.958792,121.442263
Poblacion III,Quezon Province,14.091385,121.348772
San Francisco,San Pablo City,13.997622,121.321145
Poblacion IV,Quezon Province,13.900409,121.411712
San Antonio 1,San Pablo City,14.011784,121.415641
Barangay IV-C,San Pablo City,14.085457,121.472517
Atisan,San Pablo City,14.098532,121.311025
Barangay VII-E,San Pablo City,14.019178,121.495502
San Pedro,Quezon Province,14.073802,121.405853
Barangay V-D,San Pablo City,14.019941,121.436637
Barangay III-E,San Pablo City,14.069911,121.436412
Barangay II-F,San Pablo City,13.980969,121.457896
San Isidro,Quezon Province,13.883922,121.440574
Barangay II-D,San Pablo City,13.907521,121.324413
Barangay II-B,San Pablo City,14.093179,121.396151
San Jose,San Pablo City,14.052556,121.474335
Del Remedio,San Pablo City,13.900974,121.47568
Barangay V-D,San Pablo City,14.008683,121.331491
San Juan,Quezon Province,13.921712,121.452486
Barangay VI-D,San Pablo City,14.078691,121.328146
Barangay VI-E,San Pablo City,13.913755,121.405289
Atisan,San Pablo City,13.991543,121.467744
San Antonio 1,San Pablo City,14.055103,121.301429
Sta. Veronica II,San Pablo City,13.992108,121.474791
Santiago II,San Pablo City,14.095115,121.373101
Barangay III-D,San Pablo City,13.893797,121.331933
Barangay III-A,San Pablo City,13.902542,121.418381
Lusacan,Quezon Province,13.934591,121.355684
San Lorenzo,San Pablo City,13.923071,121.458404
Barangay III-C,San Pablo City,13.98831,121.471149
Lumingon,Quezon Province,13.968142,121.344618
Barangay VII-B,San Pablo City,13.975693,121.45823
San Marcos,San Pablo City,14.0913,121.317288
San Agustin,Quezon Province,13.89654,121.324643
Santo Cristo,San Pablo City,13.92701,121.458876
San Pedro,Quezon Province,14.013381,121.495754
San Juan,Quezon Province,14.039048,121.362151
Santisimo Rosario,San Pablo City,14.068352,121.436068
Bula,Quezon Province,14.083972,121.457825
Barangay III-D,San Pablo City,13.979713,121.448456
San Miguel,San Pablo City,14.058712,121.494984
San Lucas 2,San Pablo City,13.996586,121.369654
Santo Cristo,San Pablo City,14.04786,121.409203
Dolores,San Pablo City,14.074473,121.301634
San Diego,San Pablo City,13.93864,121.36597
San Lucas 2,San Pablo City,13.912814,121.414567
Barangay V-B,San Pablo City,13.934055,121.385316
Poblacion III,Quezon Province,14.076448,121.466687
Del Rosario,Quezon Province,14.079814,121.357606
Barangay V-C,San Pablo City,14.01144,121.474953
Barangay IV-B,San Pablo City,13.920098,121.304064
Sta. Veronica I,San Pablo City,13.899731,121.48535
San Isidro,Quezon Province,13.9374,121.419536
Barangay II-A,San Pablo City,13.883385,121.349292
San Pedro,Quezon Province,13.964698,121.48371
Dolores,San Pablo City,14.098674,121.352527
Sta. Maria,San Pablo City,13.888934,121.416419
Barangay VII-E,San Pablo City,13.990591,121.493433
Barangay V-A,San Pablo City,14.089914,121.303986
San Antonio 2,San Pablo City,13.947699,121.353423
Anastacia,Quezon Province,14.073946,121.306611
Barangay IV-A,San Pablo City,13.936155,121.379343
Sta. Maria,San Pablo City,14.004936,121.330788
San Isidro,Quezon Province,13.916184,121.374214
Behia,Quezon Province,14.037189,121.348025
Bulakin,Quezon Province,14.011566,121.481241
San Bartolome,San Pablo City,13.889997,121.405316
Santisimo Rosario,San Pablo City,14.08861,121.33015
San Lorenzo,San Pablo City,13.939748,121.445283
Barangay VII-B,San Pablo City,13.915382,121.361346
Cabatang,Quezon Province,14.060445,121.30569
Barangay II-C,San Pablo City,13.929955,121.304167
San Lucas 2,San Pablo City,14.076914,121.445374
Barangay II-F,San Pablo City,14.073405,121.37761
San Marcos,San Pablo City,14.056964,121.40343
San Antonio 1,San Pablo City,14.096994,121.389633
Barangay III-F,San Pablo City,13.881652,121.383118
San Jose,San Pablo City,13.911809,121.434664
Barangay V-D,San Pablo City,14.042145,121.479361
Barangay V-A,San Pablo City,14.014593,121.321046
Barangay V-D,San Pablo City,13.992841,121.325074
Barangay V-C,San Pablo City,14.093432,121.330545
San Nicolas,San Pablo City,14.055911,121.359904
Cabay,Quezon Province,14.093032,121.499696
Cabatang,Quezon Province,13.924969,121.498131
Barangay IV-C,San Pablo City,13.892199,121.475887
Paiisa,Quezon Province,14.025295,121.486468
Barangay VI-D,San Pablo City,13.96346,121.33961
Sta. Veronica I,San Pablo City,14.07831,121.480266
Ayusan I,Quezon Province,13.89007,121.308148
San Gabriel,San Pablo City,13.983466,121.35107
Barangay III-E,San Pablo City,14.064921,121.497062
Sta. Maria Magdalena,San Pablo City,13.891145,121.486237
San Francisco,San Pablo City,14.02672,121.447418
Lagalag,Quezon Province,13.888001,121.375708
Bagong Pook VI-C,San Pablo City,13.890029,121.328158
Barangay II-A,San Pablo City,14.043095,121.458598
Tagbakin,Quezon Province,14.013051,121.42304
San Lucas 2,San Pablo City,14.066038,121.348286
Aquino,Quezon Province,13.88589,121.480525
San Crispin,San Pablo City,14.008604,121.315481
Concepcion,San Pablo City,14.07474,121.447214
Talisay,Quezon Province,14.056117,121.380609
San Antonio 2,San Pablo City,13.919478,121.464948
San Pedro,San Pablo City,14.019644,121.352676
Soledad,San Pablo City,13.979891,121.320151
San Juan,San Pablo City,13.915951,121.385985
Paiisa,Quezon Province,14.062654,121.418223
Barangay II-A,San Pablo City,13.973675,121.340752
Ayusan II,Quezon Province,13.951942,121.471173
San Antonio 1,San Pablo City,13.965189,121.456313
San Isidro,San Pablo City,14.055732,121.49953
Tagbakin,Quezon Province,13.956984,121.378642
San Francisco,Quezon Province,14.04256,121.472514
Santo Cristo,San Pablo City,13.902818,121.421038
Sta. Monica,San Pablo City,14.015623,121.447516
Barangay IV-B,San Pablo City,13.896872,121.367186
Ayusan II,Quezon Province,13.954944,121.447907
Bautista,San Pablo City,13.902842,121.361695
San Agustin,Quezon Province,14.029636,121.311698
San Lorenzo,San Pablo City,13.960947,121.467606
Barangay III-E,San Pablo City,14.021813,121.427033
Santo Cristo,San Pablo City,14.063648,121.419331
Santiago II,San Pablo City,13.894861,121.432558
Barangay II-A,San Pablo City,13.974173,121.447833
Soledad,San Pablo City,14.098801,121.323253
Aquino,Quezon Province,13.931792,121.319559
San Juan,San Pablo City,13.994776,121.386774
Sta. Cruz,San Pablo City,13.993056,121.359607
Ayusan II,Quezon Province,14.079087,121.465319
Barangay VI-E,San Pablo City,13.961259,121.351802
Tamisian,Quezon Province,13.948597,121.334631
Sta. Felomina,San Pablo City,13.996443,121.45974
Barangay I-A,San Pablo City,14.016187,121.493793
Barangay VII-C,San Pablo City,14.045023,121.426203
Barangay V-A,San Pablo City,13.928079,121.377048
Sta. Veronica I,San Pablo City,13.963189,121.451294
San Ignacio,San Pablo City,13.947175,121.367818
San Lorenzo,San Pablo City,14.058639,121.339616
Barangay I-A,San Pablo City,14.01958,121.391874
Barangay VI-B,San Pablo City,14.004609,121.461385
Bagong Bayan II-A,San Pablo City,13.939214,121.380881
Dolores,San Pablo City,14.053723,121.301608
San Miguel,San Pablo City,14.04696,121.41821
Barangay VII-D,San Pablo City,14.05812,121.327418
San Crispin,San Pablo City,13.982623,121.391962
Sta. Maria Magdalena,San Pablo City,13.975054,121.376312
Tagbakin,Quezon Province,14.080498,121.305255
San Antonio 1,San Pablo City,14.00944,121.353728
San Bartolome,San Pablo City,13.96556,121.361218
Barangay VI-A,San Pablo City,13.991434,121.422944
Barangay I-B,San Pablo City,13.889143,121.452845
Ayusan I,Quezon Province,14.069724,121.317103
Barangay VII-C,San Pablo City,14.011506,121.376241
Tamisian,Quezon Province,13.926843,121.411982
San Isidro,Quezon Province,13.965567,121.488754
Santo Angel,San Pablo City,13.893898,121.348803
Paiisa,Quezon Province,13.89866,121.475148
Cabay,Quezon Province,13.921787,121.323987
San Jose,Quezon Province,14.087427,121.343975
Aquino,Quezon Province,13.949628,121.330736
Dolores,San Pablo City,13.915001,121.473444
Anastacia,Quezon Province,14.055647,121.373421
Bagong Bayan II-A,San Pablo City,13.926101,121.380348
Sta. Veronica II,San Pablo City,13.918633,121.495802
Barangay IV-C,San Pablo City,13.973874,121.450799
Barangay VII-A,San Pablo City,13.905081,121.442149
San Vicente,San Pablo City,13.896682,121.496219
San Nicolas,San Pablo City,14.095037,121.39007
San Agustin,Quezon Province,14.055022,121.313685
Barangay VI-B,San Pablo City,14.086875,121.345534
Cabatang,Quezon Province,13.931236,121.350314
San Gabriel,San Pablo City,14.014712,121.402871
Santo Cristo,San Pablo City,13.965043,121.368396
Barangay II-A,San Pablo City,13.954636,121.418258
Barangay VII-A,San Pablo City,14.027386,121.400897
Barangay III-F,San Pablo City,13.995669,121.363763
Barangay VI-A,San Pablo City,14.06223,121.485871
Santiago II,San Pablo City,13.904884,121.390225
Aquino,Quezon Province,14.018637,121.319511
Barangay III-A,San Pablo City,13.954247,121.404437
Barangay VII-A,San Pablo City,13.945103,121.499873
Barangay II-B,San Pablo City,14.090934,121.335424
Sta. Veronica I,San Pablo City,13.920239,121.419682
Sta. Veronica I,San Pablo City,13.988867,121.477021
Lusacan,Quezon Province,14.032243,121.404822
Sta. Catalina,San Pablo City,13.901331,121.458468
San Francisco,Quezon Province,14.026237,121.458578
Lalig,Quezon Province,13.955271,121.314561
San Lorenzo,San Pablo City,13.932697,121.452019
Barangay I-A,San Pablo City,13.936672,121.455883
Bukal,Quezon Province,14.029777,121.451706
Bautista,San Pablo City,13.971487,121.311342
Palagaran,Quezon Province,13.963165,121.357299
Sta. Isabel,San Pablo City,13.947284,121.311617
Barangay VII-D,San Pablo City,13.915262,121.435632
San Nicolas,San Pablo City,14.085748,121.343591
Barangay VII-A,San Pablo City,14.014959,121.360504
Barangay V-C,San Pablo City,13.893993,121.366171
Barangay IV-B,San Pablo City,13.908826,121.432197
Barangay IV-C,San Pablo City,14.028255,121.383851
Palagaran,Quezon Province,13.961075,121.437979
Barangay III-E,San Pablo City,13.911724,121.319581
San Diego,San Pablo City,14.027517,121.312361
Barangay IV-C,San Pablo City,14.031954,121.309246
San Marcos,San Pablo City,13.991262,121.467799
Poblacion III,Quezon Province,14.068457,121.481139
Soledad,San Pablo City,14.09376,121.391045
Bagong Pook VI-C,San Pablo City,14.050327,121.405338
Lalig,Quezon Province,13.898215,121.468044
San Rafael,San Pablo City,13.98564,121.496245
Anastacia,Quezon Province,13.89779,121.357818
San Juan,Quezon Province,13.910602,121.446332
Barangay V-B,San Pablo City,13.910645,121.426512
San Cristobal,San Pablo City,14.073261,121.332332
Bula,Quezon Province,14.07305,121.360766
San Lorenzo,San Pablo City,14.016664,121.338917
Barangay II-A,San Pablo City,13.984248,121.367742
Barangay VII-C,San Pablo City,14.046248,121.346123
Bulakin,Quezon Province,13.895594,121.30981
Santiago I,San Pablo City,13.948817,121.448427
San Antonio 1,San Pablo City,13.94718,121.45828
Atisan,San Pablo City,13.979015,121.343405
Paiisa,Quezon Province,13.923871,121.394188
Tamisian,Quezon Province,13.906007,121.361781
Barangay VI-B,San Pablo City,13.915985,121.46433
Barangay IV-A,San Pablo City,13.972485,121.364184
Barangay VII-D,San Pablo City,14.098187,121.399535
San Jose,Quezon Province,13.94038,121.336608
Lalig,Quezon Province,13.9688,121.300582
Barangay I-A,San Pablo City,14.007273,121.425923
Sta. Monica,San Pablo City,13.963176,121.434368
San Crispin,San Pablo City,14.033891,121.397673
San Francisco,Quezon Province,13.973487,121.431876
Atisan,San Pablo City,13.980722,121.425193
San Juan,Quezon Province,13.946552,121.396527
San Francisco,San Pablo City,14.048315,121.493462
Bulakin,Quezon Province,13.909131,121.323428
San Joaquin,San Pablo City,14.096764,121.428022
San Isidro,Quezon Province,14.03514,121.328091
Sta. Felomina,San Pablo City,13.933421,121.49816
Barangay VI-E,San Pablo City,13.986833,121.432814
Soledad,San Pablo City,13.894198,121.392942
San Crispin,San Pablo City,13.941657,121.436449
Ayusan II,Quezon Province,13.977653,121.430467
Barangay VI-A,San Pablo City,13.998687,121.439784
Behia,Quezon Province,13.971308,121.40178
Sta. Felomina,San Pablo City,13.942911,121.445466
Barangay VII-C,San Pablo City,13.914447,121.453968
San Pedro,San Pablo City,14.04472,121.4191
Concepcion,San Pablo City,13.899471,121.317173
Bautista,San Pablo City,13.888308,121.311944
Ayusan I,Quezon Province,13.90133,121.320725
Barangay II-E,San Pablo City,13.992325,121.35524
Santiago II,San Pablo City,14.005236,121.438304
San Vicente,San Pablo City,14.00902,121.471945
Lagalag,Quezon Province,14.018974,121.310365
Palagaran,Quezon Province,14.07477,121.304089
Barangay II-E,San Pablo City,13.935069,121.499094
San Agustin,Quezon Province,14.049312,121.330231
San Roque,San Pablo City,13.894042,121.329906
Barangay III-A,San Pablo City,13.903555,121.451992
San Miguel,San Pablo City,14.076721,121.487169
Santo Cristo,San Pablo City,13.946771,121.492344
Barangay III-B,San Pablo City,13.990685,121.488595
Barangay VI-A,San Pablo City,13.984568,121.306865
San Bartolome,San Pablo City,14.014203,121.335829
San Crispin,San Pablo City,14.006416,121.490383
Poblacion I,Quezon Province,13.906944,121.440903
San Lorenzo,San Pablo City,14.031651,121.416829
Sta. Veronica II,San Pablo City,14.082132,121.393064
Bagong Pook VI-C,San Pablo City,13.953139,121.356902
San Crispin,San Pablo City,14.04227,121.373778
San Diego,San Pablo City,13.933187,121.398912
Barangay VI-A,San Pablo City,14.013136,121.419266
Barangay III-F,San Pablo City,14.064047,121.412744
San Francisco,Quezon Province,14.051641,121.314536
Santo Angel,San Pablo City,14.083046,121.486963
Sta. Catalina,San Pablo City,14.062863,121.493889
Palagaran,Quezon Province,13.91156,121.485735
San Miguel,San Pablo City,14.09687,121.409809
Concepcion,San Pablo City,14.097928,121.465857
Bautista,San Pablo City,14.064559,121.455255
Cabatang,Quezon Province,13.977524,121.38126
San Agustin,Quezon Province,13.899134,121.337502
Barangay II-F,San Pablo City,13.930072,121.473781
San Vicente,San Pablo City,13.907039,121.495904
Dolores,San Pablo City,14.030984,121.427173
San Marcos,San Pablo City,14.021805,121.447049
San Antonio 1,San Pablo City,13.984438,121.437013
Santo Niño,San Pablo City,13.933655,121.421247
Barangay VII-B,San Pablo City,13.925624,121.365651
San Roque,San Pablo City,13.934822,121.34518
Lusacan,Quezon Province,14.012198,121.471978
Behia,Quezon Province,13.894261,121.343858
Lumingon,Quezon Province,13.980294,121.370841
Barangay II-D,San Pablo City,14.002935,121.390467
Sta. Veronica II,San Pablo City,13.900138,121.31343
San Antonio 2,San Pablo City,13.913459,121.474435
Barangay I-B,San Pablo City,14.069238,121.372835
San Jose,Quezon Province,14.045542,121.366035
San Gregorio,San Pablo City,13.978712,121.467268
Barangay II-C,San Pablo City,14.002573,121.39691
Sta. Cruz,San Pablo City,14.012225,121.314983
San Mateo,San Pablo City,14.098743,121.452655
San Gabriel,San Pablo City,14.032859,121.476132
Paiisa,Quezon Province,14.023519,121.487897
San Bartolome,San Pablo City,14.038358,121.43291
Barangay II-E,San Pablo City,13.941944,121.390212
Bagong Pook VI-C,San Pablo City,14.050632,121.430536
Poblacion IV,Quezon Province,13.949801,121.329028
Sta. Maria,San Pablo City,14.043656,121.493135
San Crispin,San Pablo City,14.077094,121.387737
San Antonio 2,San Pablo City,13.939834,121.438951
Barangay IV-C,San Pablo City,13.976241,121.480303
Barangay III-E,San Pablo City,14.049387,121.472344
Cabay,Quezon Province,13.964424,121.369601
San Isidro,San Pablo City,14.004679,121.313203
Tamisian,Quezon Province,14.079128,121.426974
Barangay IV-A,San Pablo City,13.964079,121.454538
Barangay IV-B,San Pablo City,13.922701,121.465019
Barangay IV-C,San Pablo City,13.889312,121.473497
Barangay III-D,San Pablo City,13.957658,121.360229
San Miguel,San Pablo City,14.069897,121.469775
San Antonio 1,San Pablo City,13.934872,121.381653
Sta. Isabel,San Pablo City,13.954216,121.391715
San Pedro,San Pablo City,13.99451,121.476395
Lusacan,Quezon Province,13.885229,121.461113
Barangay VI-B,San Pablo City,14.014103,121.332525
Barangay II-D,San Pablo City,13.976123,121.419415
San Vicente,San Pablo City,13.953023,121.425925
Barangay VII-E,San Pablo City,13.920611,121.410469
San Cristobal,San Pablo City,13.924661,121.321327
Bagong Pook VI-C,San Pablo City,14.093049,121.404171
San Diego,San Pablo City,13.929735,121.402483
Poblacion I,Quezon Province,14.071555,121.486848
Del Remedio,San Pablo City,14.079034,121.495892
San Gregorio,San Pablo City,13.965873,121.475462
Quipot,Quezon Province,13.887058,121.321604
Barangay II-A,San Pablo City,14.044178,121.467953
Bukal,Quezon Province,14.06464,121.402836
Del Remedio,San Pablo City,14.085991,121.423391
Barangay III-C,San Pablo City,14.043531,121.314088
Sta. Cruz,San Pablo City,13.996916,121.356653
Lalig,Quezon Province,14.071389,121.428951
Barangay III-F,San Pablo City,13.897549,121.466338
San Gregorio,San Pablo City,14.055965,121.306704
Barangay VI-E,San Pablo City,14.029681,121.471434
Soledad,San Pablo City,14.045426,121.397041
Barangay VI-B,San Pablo City,14.036644,121.314456
Barangay IV-A,San Pablo City,13.951562,121.318813
Barangay II-E,San Pablo City,14.063977,121.412341
Barangay VI-D,San Pablo City,13.910511,121.378208
San Juan,Quezon Province,14.083366,121.305235
Barangay II-C,San Pablo City,14.021103,121.48644
Lumingon,Quezon Province,14.046915,121.401393
Sta. Veronica II,San Pablo City,14.055057,121.442464
Bagong Pook VI-C,San Pablo City,13.969449,121.398171
San Juan,Quezon Province,13.985414,121.308934
Barangay II-D,San Pablo City,14.074288,121.393765
Santiago I,San Pablo City,13.962153,121.441464
Cabay,Quezon Province,14.076059,121.4748
San Bartolome,San Pablo City,14.011969,121.37836
San Lorenzo,San Pablo City,13.889036,121.336328
Santo Cristo,San Pablo City,13.886959,121.453134
Lagalag,Quezon Province,13.929893,121.431182
San Vicente,San Pablo City,14.046054,121.413332
Concepcion,San Pablo City,13.899687,121.337071
Quipot,Quezon Province,13.994469,121.335535
San Cristobal,San Pablo City,14.040484,121.33279
San Cristobal,San Pablo City,14.083304,121.30796
Santo Angel,San Pablo City,13.981681,121.468803
Del Remedio,San Pablo City,13.997578,121.386208
Cabatang,Quezon Province,13.883644,121.349862
San Diego,San Pablo City,14.077413,121.496054
San Cristobal,San Pablo City,13.882104,121.462779
Lalig,Quezon Province,13.927055,121.476346
San Antonio 1,San Pablo City,13.930426,121.495716
Sta. Maria,San Pablo City,13.945606,121.357176
Ayusan II,Quezon Province,13.894648,121.338312
Behia,Quezon Province,14.038942,121.337607
Sta. Maria Magdalena,San Pablo City,13.920387,121.491432
San Gabriel,San Pablo City,13.975604,121.324157
Barangay II-F,San Pablo City,14.083825,121.333194
Sta. Veronica I,San Pablo City,13.948656,121.478349
San Marcos,San Pablo City,14.052564,121.387892
Santo Niño,San Pablo City,14.005762,121.317827
Barangay VII-B,San Pablo City,13.936262,121.484975
Palagaran,Quezon Province,13.881671,121.443045
Barangay V-C,San Pablo City,13.969238,121.358476
San Roque,San Pablo City,13.987011,121.488986
Quipot,Quezon Province,14.091545,121.364099
San Gabriel,San Pablo City,14.008934,121.341131
San Rafael,San Pablo City,13.944466,121.411258
Bukal,Quezon Province,13.922495,121.417696
San Miguel,San Pablo City,14.090159,121.332589
Dolores,San Pablo City,14.050535,121.371427
Dolores,San Pablo City,14.014272,121.309693
Sta. Cruz,San Pablo City,14.083725,121.450359
Ayusan I,Quezon Province,13.959631,121.388846
Sta. Ana,San Pablo City,13.883458,121.434748
Barangay III-C,San Pablo City,13.967362,121.434176
Barangay VI-E,San Pablo City,14.09917,121.467625
Barangay IV-C,San Pablo City,14.069467,121.384872
Barangay II-D,San Pablo City,14.033666,121.306469
Bagong Pook VI-C,San Pablo City,13.918871,121.469044
Ayusan II,Quezon Province,13.895267,121.478246
Santo Angel,San Pablo City,14.00127,121.411508
Barangay II-C,San Pablo City,13.971465,121.47858
Barangay III-F,San Pablo City,14.029036,121.388202
San Bartolome,San Pablo City,13.983305,121.345938
San Crispin,San Pablo City,13.927867,121.387939
Concepcion,San Pablo City,13.948846,121.34537
Barangay III-D,San Pablo City,14.020216,121.479295
San Antonio 1,San Pablo City,13.93309,121.3581
Lusacan,Quezon Province,13.988614,121.498661
Barangay V-A,San Pablo City,13.945211,121.381147
Ayusan II,Quezon Province,14.003145,121.460676
Barangay VI-B,San Pablo City,13.967977,121.336362
Barangay II-F,San Pablo City,14.035911,121.37432
Barangay III-F,San Pablo City,13.988751,121.306519
Santo Niño,San Pablo City,13.886163,121.381252
Barangay IV-A,San Pablo City,13.986461,121.376086
Barangay I-B,San Pablo City,13.990941,121.463671
San Nicolas,San Pablo City,14.027277,121.456943
San Marcos,San Pablo City,13.977126,121.333994
San Mateo,San Pablo City,13.963821,121.481272
Bautista,San Pablo City,13.999313,121.331221
